Workbook
Name documentLog: database!$Q:$X
Name docNumDescOther: database!$AA$1:$AA$1956
Name customerDetails: database!$AC:$AI
Name Pelanggan_fakturperiode: #REF!
Name itemCategoryDetails: database!$BB:$BG
Name customInv: database!$AL$2:$AQ$2499
Name inventoryLog: database!$A:$O
Name docNumDescNormal: database!$Z$2:$Z$1956
Name concatDocNumber: database!$AL:$AL

Sheet Faktur
F3: Kepada Yth :
F4: {=IFERROR(INDEX(customerDetails,MATCH(C13,INDEX(customerDetails,,1),0),2),"")} -> Bengkel Las Bpk. Ari
F5: {=IFERROR(INDEX(customerDetails,MATCH($C$13,INDEX(customerDetails,,1),0),5),"")} -> Sumber Kembar, Wonodadi, Kec. Kutorejo, Kabupaten Mojokerto, Jawa Timur
A6: Jl. Parengan Kali 19, Parengan, Kraton, Kec. Krian, Kab. Sidoarjo, Jawa Timur Telp : 085655863676 Email : atmakarsa.id@gmail.com
A11: FAKTUR PENJUALAN
A12: NPWP | C12: {=IFERROR(INDEX(customerDetails,MATCH(C13,INDEX(customerDetails,,1),0),3),"")} | E12: No. Faktur | F12: 04261063117
A13: ID Pelanggan | C13: {=INDEX(documentLog,MATCH($F$12,INDEX(documentLog,,2),0),3)} -> b2b5f2c5 | E13: Tgl. Faktur | F13: {=INDEX(documentLog,MATCH($F$12,INDEX(documentLog,,2),0),5)} -> 46129.511
A14: No. PO | E14: Batas Pembayaran | F14: {=F13 + INDEX(customerDetails,MATCH(C13,INDEX(customerDetails,,1),0),6)} -> 46143.511
A16: No | B16: Nama Barang | D16: Satuan | E16: Kuantitas | F16: Harga Satuan | G16: Jumlah
A17: {=IFERROR(SEQUENCE(COUNTA(B17:B21),1),"")} -> 1 | B17: =IFERROR(__xludf.DUMMYFUNCTION("QUERY(inventoryLog,""SELECT G WHERE B='""&F12&""'"",)"),"Oksigen 6m3") -> Oksigen 6m3 | D17: {=IF(ISBLANK($B17),"", INDEX(itemCategoryDetails,MATCH($B17,INDEX(itemCategoryDetails,,2),0),5))} -> Btl | E17: =IFERROR(__xludf.DUMMYFUNCTION("QUERY(inventoryLog,""SELECT J,L WHERE B='""&F12&""'"",)"),2.0) -> 2 | F17: =IFERROR(__xludf.DUMMYFUNCTION("""COMPUTED_VALUE"""),60000.0) -> 60000 | G17: =F17*E17 -> 120000
A18: 2 | B18: =IFERROR(__xludf.DUMMYFUNCTION("""COMPUTED_VALUE"""),"Karbondioksida") -> Karbondioksida | D18: {=IF(ISBLANK($B18),"", INDEX(itemCategoryDetails,MATCH($B18,INDEX(itemCategoryDetails,,2),0),5))} -> Btl | E18: =IFERROR(__xludf.DUMMYFUNCTION("""COMPUTED_VALUE"""),2.0) -> 2 | F18: =IFERROR(__xludf.DUMMYFUNCTION("""COMPUTED_VALUE"""),180000.0) -> 180000 | G18: =F18*E18 -> 360000
D19: {=IF(ISBLANK($B19),"", INDEX(itemCategoryDetails,MATCH($B19,INDEX(itemCategoryDetails,,2),0),5))} | G19: =F19*E19 -> 0
D20: {=IF(ISBLANK($B20),"", INDEX(itemCategoryDetails,MATCH($B20,INDEX(itemCategoryDetails,,2),0),5))} | G20: =F20*E20 -> 0
D21: =IF(B21<>"", "Btl", "")
E22: Harga Jual | G22: =SUM(G17:G21) -> 480000
E23: Ongkos Kirim
E24: Potongan Harga
E25: Uang Muka Diterima
E26: Dasar Pengenaan Pajak | G26: {=IFERROR(IF(INDEX(customerDetails,MATCH(C13,INDEX(customerDetails,,1),0),4)=TRUE,G22,""),"")}
E27: PPN 11% | G27: {=IFERROR(IF(INDEX(customerDetails,MATCH(C13,INDEX(customerDetails,,1),0),4)=TRUE,G22*11/100,""),"")}
E28: Jumlah yang Harus Dibayarkan | G28: =G22+G27+G23 -> 480000
A30: Catatan : | F30: ="Sidoarjo,"&" "&text(F13,"dd mmmm yyy") -> Sidoarjo, 17 April 2026
F35: Wahyono
B46: =IMAGE("https://qris.interactive.co.id/restapi/qris/show_qris.php") | G46: =IMAGE("https://quickchart.io/qr?text=" & ENCODEURL($F$12))
A49: Mohon sertakan nomor faktur pada berita/note. Pembayaran sah apabila terdapat bukti transfer ke :
B51: BRI | C51: 055301001926309 (Atma Karsa Gasindo)
B52: BNI | C52: 1895607235 (Atma Karsa Gasindo)
B53: BCA | C53: 1841622478 (Rizki Kurniawan) | F53: Customer Service : | G53: WA 081333292028

Sheet Surat Jalan
E1: SURAT JALAN
E3: Nomor Dokumen | F3: =Faktur!$F$12 -> 04261063117
E4: Tanggal | F4: {=INDEX(documentLog,MATCH($F$3,INDEX(documentLog,,2),0),5)} -> 46129.511
A5: Jl. Parengan Kali 19, Parengan, Kraton, Kec. Krian, Kab. Sidoarjo, Jawa Timur Telp : 085655863676 Email : atmakarsa.id@gmail.com | E5: No. Polisi | F5: L 8314 JQ
E6: Driver | F6: Sugiyono
E7: Telp. Driver | F7: 085850403150
A10: Alamat : | D10: Kepada Yth :
A11: {=INDEX(documentLog,MATCH($F$3,INDEX(documentLog,,2),0),6)} -> Sumber Kembar, Wonodadi, Kec. Kutorejo, Kabupaten Mojokerto, Jawa Timur | D11: {=INDEX(documentLog,MATCH($F$3,INDEX(documentLog,,2),0),4)} -> Bengkel Las Bpk. Ari
A13: No | B13: Nama Barang | E13: Satuan | F13: Jumlah
A15: {=IFERROR(SEQUENCE(COUNTA(B15:B19),1),"")} -> 1 | B15: =IFERROR(__xludf.DUMMYFUNCTION("QUERY(inventoryLog,""SELECT G,K WHERE B='""&F3&""'"",)"),"Oksigen 6m3") -> Oksigen 6m3 | C15: =IFERROR(__xludf.DUMMYFUNCTION("""COMPUTED_VALUE"""),"11244 11235") -> 11244 11235 | E15: {=IF(ISBLANK($B15),"", INDEX(itemCategoryDetails,MATCH($B15,INDEX(itemCategoryDetails,,2),0),5))} -> Btl | F15: =IFERROR(__xludf.DUMMYFUNCTION("QUERY(inventoryLog,""SELECT J WHERE B='""&F3&""'"",)"),2.0) -> 2
A16: 2 | B16: =IFERROR(__xludf.DUMMYFUNCTION("""COMPUTED_VALUE"""),"Karbondioksida") -> Karbondioksida | C16: =IFERROR(__xludf.DUMMYFUNCTION("""COMPUTED_VALUE"""),"13024 13074") -> 13024 13074 | E16: {=IF(ISBLANK($B16),"", INDEX(itemCategoryDetails,MATCH($B16,INDEX(itemCategoryDetails,,2),0),5))} -> Btl | F16: =IFERROR(__xludf.DUMMYFUNCTION("""COMPUTED_VALUE"""),2.0) -> 2
E17: {=IF(ISBLANK($B17),"", INDEX(itemCategoryDetails,MATCH($B17,INDEX(itemCategoryDetails,,2),0),5))}
E18: {=IF(ISBLANK($B18),"", INDEX(itemCategoryDetails,MATCH($B18,INDEX(itemCategoryDetails,,2),0),5))}
E19: {=IF(ISBLANK($B19),"", INDEX(itemCategoryDetails,MATCH($B19,INDEX(itemCategoryDetails,,2),0),5))}
B20: Catatan : | F20: Nomor PO :
B23: Diterima Oleh, | C23: Pengangkut, | E23: Hormat Kami,
B24: _____________________ | C24: =F6 -> Sugiyono | E24: Rizki Kurniawan
A26: PERATURAN PENYERAHAN GAS DAN PEMINJAMAN BOTOL
A27: 1. Pelanggan wajib memeriksa botol pada waktu menerima dan pada waktu mengembalikan botol kosong bersama petugas pengiriman. 2. Botol berisi yang sudah diterima baik, tidak dapat dikembalikan/diklaim mengenai tekanan/isinya, kecuali memang terdapat kebocoran botol dan lain lain oleh pihak PT Atma Karsa Gasindo. 3. Selama dalam waktu peminjaman, untuk setiap (1) kali periode pengisian, botol harus dikembalikan selambat-lambatnya 60 (enam puluh) hari sejak tanggal penyerahan, dan pihak PT Atma Karsa Gasindo akan mengirimkan surat konfirmasi pinjaman tabung lama 30 (tiga puluh) hari sebelum kadaluarsa. Keterlambatan pengembalian botol, baik untuk setiap periode pengisian maupun pada saat jangka waktu peminjaman telah berakhir, Pelanggan akan dikenakan tambahan biaya sewa dengan tarif botol/hari sebagai berikut : | D27: 4. Pelanggan tidak diperkenankan memodifikasi isi dan tampilan botol; memperjual belikan kembali botol; dipinjamkan dan dipindah-tangankan hak milik kepada pihak lain. 5. Pelanggan bertanggung jawab terhadap botol yang diterimanya/dipinjamnya. Pihak PT Atma Karsa Gasindo akan memberi surat peringatan apabila botol terindikasi hilang untuk memberi batas waktu pencarian kepada pelanggan. Apabila dalam waktu 3 (tiga) bulan sejak tanggal penyerahan belum dikembalikan, maka botol dinyatakan hilang dan pelanggan wajib membayar ganti rugi tunai sebesar :
D35: LPG | 50 Kg | F35: 2500000
D36: O2/N2/CO2/Ar | 7m3 | F36: 2500000
D37: O2/N2/CO2/Ar | 6m3 | F37: 2000000
D38: LPG | 12 Kg | F38: 2000000
D39: Acetylene | F39: 2000000
A40: LPG | 50 Kg | C40: 2000 | D40: Kran Botol | F40: 150000
A41: O2/N2/CO2/Ar | 7m3 | C41: 1500 | F41: =IMAGE("https://quickchart.io/qr?text=" & ENCODEURL(F3))
A42: O2/N2/CO2/Ar | 6m3 | C42: 1000
A43: LPG | 12 Kg | C43: 1000
A44: Acetylene | C44: 1000
A45: Dibuat pada tanggal 1 November 2024 dan dapat berubah sewaktu-waktu.
C47: PUTIH (FINANCE-AKG/LUNAS) MERAH (ADM-AKG) KUNING (RELASI) HIJAU (OPT)

Sheet Faktur Masa (Print)
F3: Kepada Yth :
F4: {=IFERROR(INDEX(customerDetails,MATCH(C13,INDEX(customerDetails,,1),0),2),"")} -> Bpk. Kadir (Maintenance Velg)
F5: {=IFERROR(INDEX(customerDetails,MATCH($C$13,INDEX(customerDetails,,1),0),5),"")} -> Jl. Lkr. Bypass Krian Timur, Sidogolong, Watugolong, Kec. Krian, Kabupaten Sidoarjo, Jawa Timur 61262
A6: Jl. Parengan Kali 19, Parengan, Kraton, Kec. Krian, Kab. Sidoarjo, Jawa Timur Telp : 085655863676 Email : atmakarsa.id@gmail.com
A11: FAKTUR PENJUALAN
A12: NPWP | C12: {=IFERROR(INDEX(customerDetails,MATCH(C13,INDEX(customerDetails,,1),0),3),"")} | E12: No. Faktur | F12: 2260314
A13: ID Pelanggan | C13: {=INDEX(customInv,MATCH($F$12,INDEX(customInv,,1),0),3)} -> ec231cc9 | E13: Tgl. Faktur | F13: =IFERROR(__xludf.DUMMYFUNCTION("INDEX(TEXT(SORT(QUERY(customInv,""SELECT AQ WHERE AL='""&$F$12&""'""),1,FALSE),""DD/MM/YYYY""),1,1)"),"17/04/2026") -> 17/04/2026
A14: No. PO | E14: Batas Pembayaran | F14: {=F13 + INDEX(customerDetails,MATCH(C13,INDEX(customerDetails,,1),0),6)} -> 46143
A16: No | B16: Nama Barang | D16: Satuan | E16: Kuantitas | F16: Harga Satuan | G16: Jumlah
A17: {=IFERROR(SEQUENCE(COUNTA(B17:B24),1),"")} -> 1 | B17: =IFERROR(__xludf.DUMMYFUNCTION("UNIQUE(FILTER( database!G2:G53, ISNUMBER(MATCH(database!B2:B53,ARRAYFORMULA(SPLIT(REGEXREPLACE(A36,""(\d+)"",""'$1""),"" "")) , 0)) )) "),"Oksigen 6m3") -> Oksigen 6m3 | D17: {=IF(ISBLANK($B17),"", INDEX(itemCategoryDetails,MATCH($B17,INDEX(itemCategoryDetails,,2),0),5))} -> Btl | E17: =IFERROR(__xludf.DUMMYFUNCTION("IF(ISBLANK($B17),"""",SUM(FILTER( database!$J$2:$J53, ISNUMBER(MATCH(database!$B$2:$B53,ARRAYFORMULA(SPLIT(REGEXREPLACE($A$36,""(\d+)"",""'$1""),"" "")) , 0)),database!$G$2:$G53=$B17 )))"),16.0) -> 16 | F17: =IFERROR(__xludf.DUMMYFUNCTION("IF(ISBLANK($B17),"""",INDEX(FILTER( database!$L$2:$L53, ISNUMBER(MATCH(database!$B$2:$B53,ARRAYFORMULA(SPLIT(REGEXREPLACE($A$36,""(\d+)"",""'$1""),"" "")) , 0)),database!$G$2:$G53=$B17 ),1,))"),55000.0) -> 55000 | G17: =IF(ISBLANK($B17),"",$E17*$F17) -> 880000
A18: 2 | B18: =IFERROR(__xludf.DUMMYFUNCTION("""COMPUTED_VALUE"""),"Karbondioksida") -> Karbondioksida | D18: {=IF(ISBLANK($B18),"", INDEX(itemCategoryDetails,MATCH($B18,INDEX(itemCategoryDetails,,2),0),5))} -> Btl | E18: =IFERROR(__xludf.DUMMYFUNCTION("IF(ISBLANK($B18),"""",SUM(FILTER( database!$J$2:$J53, ISNUMBER(MATCH(database!$B$2:$B53,ARRAYFORMULA(SPLIT(REGEXREPLACE($A$36,""(\d+)"",""'$1""),"" "")) , 0)),database!$G$2:$G53=$B18 )))"),5.0) -> 5 | F18: =IFERROR(__xludf.DUMMYFUNCTION("IF(ISBLANK($B18),"""",INDEX(FILTER( database!$L$2:$L53, ISNUMBER(MATCH(database!$B$2:$B53,ARRAYFORMULA(SPLIT(REGEXREPLACE($A$36,""(\d+)"",""'$1""),"" "")) , 0)),database!$G$2:$G53=$B18 ),1,))"),175000.0) -> 175000 | G18: =IF(ISBLANK($B18),"",$E18*$F18) -> 875000
A19: 3 | B19: =IFERROR(__xludf.DUMMYFUNCTION("""COMPUTED_VALUE"""),"Oksigen 7m3") -> Oksigen 7m3 | D19: {=IF(ISBLANK($B19),"", INDEX(itemCategoryDetails,MATCH($B19,INDEX(itemCategoryDetails,,2),0),5))} -> Btl | E19: =IFERROR(__xludf.DUMMYFUNCTION("IF(ISBLANK($B19),"""",SUM(FILTER( database!$J$2:$J53, ISNUMBER(MATCH(database!$B$2:$B53,ARRAYFORMULA(SPLIT(REGEXREPLACE($A$36,""(\d+)"",""'$1""),"" "")) , 0)),database!$G$2:$G53=$B19 )))"),1.0) -> 1 | F19: =IFERROR(__xludf.DUMMYFUNCTION("IF(ISBLANK($B19),"""",INDEX(FILTER( database!$L$2:$L53, ISNUMBER(MATCH(database!$B$2:$B53,ARRAYFORMULA(SPLIT(REGEXREPLACE($A$36,""(\d+)"",""'$1""),"" "")) , 0)),database!$G$2:$G53=$B19 ),1,))"),55000.0) -> 55000 | G19: =IF(ISBLANK($B19),"",$E19*$F19) -> 55000
D20: {=IF(ISBLANK($B20),"", INDEX(itemCategoryDetails,MATCH($B20,INDEX(itemCategoryDetails,,2),0),5))} | E20: =IFERROR(__xludf.DUMMYFUNCTION("IF(ISBLANK($B20),"""",SUM(FILTER( database!$J$2:$J53, ISNUMBER(MATCH(database!$B$2:$B53,ARRAYFORMULA(SPLIT(REGEXREPLACE($A$36,""(\d+)"",""'$1""),"" "")) , 0)),database!$G$2:$G53=$B20 )))"),"") | F20: =IFERROR(__xludf.DUMMYFUNCTION("IF(ISBLANK($B20),"""",INDEX(FILTER( database!$L$2:$L53, ISNUMBER(MATCH(database!$B$2:$B53,ARRAYFORMULA(SPLIT(REGEXREPLACE($A$36,""(\d+)"",""'$1""),"" "")) , 0)),database!$G$2:$G53=$B20 ),1,))")," ") | G20: =IF(ISBLANK($B20),"",$E20*$F20)
D21: {=IF(ISBLANK($B21),"", INDEX(itemCategoryDetails,MATCH($B21,INDEX(itemCategoryDetails,,2),0),5))} | E21: =IFERROR(__xludf.DUMMYFUNCTION("IF(ISBLANK($B21),"""",SUM(FILTER( database!$J$2:$J53, ISNUMBER(MATCH(database!$B$2:$B53,ARRAYFORMULA(SPLIT(REGEXREPLACE($A$36,""(\d+)"",""'$1""),"" "")) , 0)),database!$G$2:$G53=$B21 )))"),"") | F21: =IFERROR(__xludf.DUMMYFUNCTION("IF(ISBLANK($B21),"""",INDEX(FILTER( database!$L$2:$L53, ISNUMBER(MATCH(database!$B$2:$B53,ARRAYFORMULA(SPLIT(REGEXREPLACE($A$36,""(\d+)"",""'$1""),"" "")) , 0)),database!$G$2:$G53=$B21 ),1,))")," ") | G21: =IF(ISBLANK($B21),"",$E21*$F21)
D22: {=IF(ISBLANK($B22),"", INDEX(itemCategoryDetails,MATCH($B22,INDEX(itemCategoryDetails,,2),0),5))} | E22: =IFERROR(__xludf.DUMMYFUNCTION("IF(ISBLANK($B22),"""",SUM(FILTER( database!$J$2:$J53, ISNUMBER(MATCH(database!$B$2:$B53,ARRAYFORMULA(SPLIT(REGEXREPLACE($A$36,""(\d+)"",""'$1""),"" "")) , 0)),database!$G$2:$G53=$B22 )))"),"") | F22: =IFERROR(__xludf.DUMMYFUNCTION("IF(ISBLANK($B22),"""",INDEX(FILTER( database!$L$2:$L53, ISNUMBER(MATCH(database!$B$2:$B53,ARRAYFORMULA(SPLIT(REGEXREPLACE($A$36,""(\d+)"",""'$1""),"" "")) , 0)),database!$G$2:$G53=$B22 ),1,))")," ") | G22: =IF(ISBLANK($B22),"",$E22*$F22)
D23: {=IF(ISBLANK($B23),"", INDEX(itemCategoryDetails,MATCH($B23,INDEX(itemCategoryDetails,,2),0),5))} | E23: =IFERROR(__xludf.DUMMYFUNCTION("IF(ISBLANK($B23),"""",SUM(FILTER( database!$J$2:$J53, ISNUMBER(MATCH(database!$B$2:$B53,ARRAYFORMULA(SPLIT(REGEXREPLACE($A$36,""(\d+)"",""'$1""),"" "")) , 0)),database!$G$2:$G53=$B23 )))"),"") | F23: =IFERROR(__xludf.DUMMYFUNCTION("IF(ISBLANK($B23),"""",INDEX(FILTER( database!$L$2:$L53, ISNUMBER(MATCH(database!$B$2:$B53,ARRAYFORMULA(SPLIT(REGEXREPLACE($A$36,""(\d+)"",""'$1""),"" "")) , 0)),database!$G$2:$G53=$B23 ),1,))")," ") | G23: =IF(ISBLANK($B23),"",$E23*$F23)
D24: {=IF(ISBLANK($B24),"", INDEX(itemCategoryDetails,MATCH($B24,INDEX(itemCategoryDetails,,2),0),5))} | E24: =IFERROR(__xludf.DUMMYFUNCTION("IF(ISBLANK($B24),"""",SUM(FILTER( database!$J$2:$J53, ISNUMBER(MATCH(database!$B$2:$B53,ARRAYFORMULA(SPLIT(REGEXREPLACE($A$36,""(\d+)"",""'$1""),"" "")) , 0)),database!$G$2:$G53=$B24 )))"),"") | F24: =IFERROR(__xludf.DUMMYFUNCTION("IF(ISBLANK($B24),"""",INDEX(FILTER( database!$L$2:$L53, ISNUMBER(MATCH(database!$B$2:$B53,ARRAYFORMULA(SPLIT(REGEXREPLACE($A$36,""(\d+)"",""'$1""),"" "")) , 0)),database!$G$2:$G53=$B24 ),1,))")," ") | G24: =IF(ISBLANK($B24),"",$E24*$F24)
E25: Harga Jual | G25: =SUM(G17:G24) -> 1810000
E26: Potongan Harga
E27: Uang Muka Diterima
E28: Dasar Pengenaan Pajak | G28: =IFERROR(__xludf.DUMMYFUNCTION("IFERROR(IF(INDEX(customerDetails,MATCH(C13,INDEX(customerDetails,,1),0),4)=TRUE,G25-IFERROR(SUM(QUERY($B$17:$G$24,""SELECT G WHERE B CONTAINS 'Non PPN'"")),0),""""))")," ")
E29: PPN 11% | G29: {=IFERROR(IF(INDEX(customerDetails,MATCH(C13,INDEX(customerDetails,,1),0),4)=TRUE,$G28*11/100,""),"")}
E30: Jumlah yang Harus Dibayarkan | G30: =round(G25+G29,0) -> 1810000
A32: Catatan : | F32: ="Sidoarjo,"&" "&text(F13,"dd mmmm yyy") -> Sidoarjo, 17 April 2026
A33: =IFERROR(__xludf.DUMMYFUNCTION("CONCATENATE(""Pengiriman periode "","" "",INDEX(TEXT(SORT(QUERY(customInv,""SELECT AQ WHERE AL='""&$F$12&""'""),1,TRUE),""DD MMMM YYYY""),1,1),"" - "",INDEX(TEXT(SORT(QUERY(customInv,""SELECT AQ WHERE AL='""&$F$12&""'""),1,TRUE),""DD MMMM YYYY""),COUNT(QU"&"ERY(customInv,""SELECT AQ WHERE AL='""&$F$12&""'"")),1))"),"Pengiriman periode 01 April 2026 - 17 April 2026") -> Pengiriman periode 01 April 2026 - 17 April 2026
A35: Referensi :
A36: =IFERROR(__xludf.DUMMYFUNCTION("JOIN("" "",QUERY(customInv,""SELECT AM WHERE AL='""&$F$12&""' ORDER BY AQ DESC""))"),"0426533113 0426523078 0426513006 0426502950") -> 0426533113 0426523078 0426513006 0426502950
F37: Wahyono
B46: =IMAGE("https://qris.interactive.co.id/restapi/qris/show_qris.php") | G46: =IMAGE("https://quickchart.io/qr?text=" & ENCODEURL($F$12))
A49: Mohon sertakan nomor faktur pada berita/note. Pembayaran sah apabila terdapat bukti transfer ke :
B51: BRI | C51: 055301001926309 (Atma Karsa Gasindo)
B52: BNI | C52: 1895607235 (Atma Karsa Gasindo)
B53: BCA | C53: 1841622478 (Rizki Kurniawan) | F53: Customer Service : | G53: WA 081333292028

Sheet FakturMasa_Soft
F3: Kepada Yth :
F4: {=IFERROR(INDEX(customerDetails,MATCH(C13,INDEX(customerDetails,,1),0),2),"")} -> Bpk. Kadir (Maintenance Velg)
F5: {=IFERROR(INDEX(customerDetails,MATCH($C$13,INDEX(customerDetails,,1),0),5),"")} -> Jl. Lkr. Bypass Krian Timur, Sidogolong, Watugolong, Kec. Krian, Kabupaten Sidoarjo, Jawa Timur 61262
A6: Jl. Parengan Kali 19, Parengan, Kraton, Kec. Krian, Kab. Sidoarjo, Jawa Timur Telp : 085655863676 Email : atmakarsa.id@gmail.com
A11: FAKTUR PENJUALAN
A12: NPWP | C12: {=IFERROR(INDEX(customerDetails,MATCH(C13,INDEX(customerDetails,,1),0),3),"")} | E12: No. Faktur | F12: ='Faktur Masa (Print)'!$F$12 -> 2260314
A13: ID Pelanggan | C13: {=INDEX(customInv,MATCH($F$12,INDEX(customInv,,1),0),3)} -> ec231cc9 | E13: Tgl. Faktur | F13: =IFERROR(__xludf.DUMMYFUNCTION("INDEX(TEXT(SORT(QUERY(customInv,""SELECT AQ WHERE AL='""&$F$12&""'""),1,FALSE),""DD/MM/YYYY""),1,1)"),"17/04/2026") -> 17/04/2026
A14: No. PO | E14: Batas Pembayaran | F14: {=F13 + INDEX(customerDetails,MATCH(C13,INDEX(customerDetails,,1),0),6)} -> 46143
A16: No | B16: Nama Barang | D16: Satuan | E16: Kuantitas | F16: Harga Satuan | G16: Jumlah
A17: {=IFERROR(SEQUENCE(COUNTA(B17:B22),1),"")} -> 1 | B17: =IFERROR(__xludf.DUMMYFUNCTION("UNIQUE(FILTER( database!G2:G56, ISNUMBER(MATCH(database!B2:B56,ARRAYFORMULA(SPLIT(REGEXREPLACE(A36,""(\d+)"",""'$1""),"" "")) , 0)) )) "),"Oksigen 6m3") -> Oksigen 6m3 | D17: {=IF(ISBLANK($B17),"", INDEX(itemCategoryDetails,MATCH($B17,INDEX(itemCategoryDetails,,2),0),5))} -> Btl | E17: =IFERROR(__xludf.DUMMYFUNCTION("IF(ISBLANK($B17),"""",SUM(FILTER( database!$J$2:$J56, ISNUMBER(MATCH(database!$B$2:$B56,ARRAYFORMULA(SPLIT(REGEXREPLACE($A$36,""(\d+)"",""'$1""),"" "")) , 0)),database!$G$2:$G56=$B17 )))"),16.0) -> 16 | F17: =IFERROR(__xludf.DUMMYFUNCTION("IF(ISBLANK($B17),"""",INDEX(FILTER( database!$L$2:$L56, ISNUMBER(MATCH(database!$B$2:$B56,ARRAYFORMULA(SPLIT(REGEXREPLACE($A$36,""(\d+)"",""'$1""),"" "")) , 0)),database!$G$2:$G56=$B17 ),1,))"),55000.0) -> 55000 | G17: =IF(ISBLANK($B17),"",$E17*$F17) -> 880000
A18: 2 | B18: =IFERROR(__xludf.DUMMYFUNCTION("""COMPUTED_VALUE"""),"Karbondioksida") -> Karbondioksida | D18: {=IF(ISBLANK($B18),"", INDEX(itemCategoryDetails,MATCH($B18,INDEX(itemCategoryDetails,,2),0),5))} -> Btl | E18: =IFERROR(__xludf.DUMMYFUNCTION("IF(ISBLANK($B18),"""",SUM(FILTER( database!$J$2:$J56, ISNUMBER(MATCH(database!$B$2:$B56,ARRAYFORMULA(SPLIT(REGEXREPLACE($A$36,""(\d+)"",""'$1""),"" "")) , 0)),database!$G$2:$G56=$B18 )))"),5.0) -> 5 | F18: =IFERROR(__xludf.DUMMYFUNCTION("IF(ISBLANK($B18),"""",INDEX(FILTER( database!$L$2:$L56, ISNUMBER(MATCH(database!$B$2:$B56,ARRAYFORMULA(SPLIT(REGEXREPLACE($A$36,""(\d+)"",""'$1""),"" "")) , 0)),database!$G$2:$G56=$B18 ),1,))"),175000.0) -> 175000 | G18: =IF(ISBLANK($B18),"",$E18*$F18) -> 875000
A19: 3 | B19: =IFERROR(__xludf.DUMMYFUNCTION("""COMPUTED_VALUE"""),"Oksigen 7m3") -> Oksigen 7m3 | D19: {=IF(ISBLANK($B19),"", INDEX(itemCategoryDetails,MATCH($B19,INDEX(itemCategoryDetails,,2),0),5))} -> Btl | E19: =IFERROR(__xludf.DUMMYFUNCTION("IF(ISBLANK($B19),"""",SUM(FILTER( database!$J$2:$J56, ISNUMBER(MATCH(database!$B$2:$B56,ARRAYFORMULA(SPLIT(REGEXREPLACE($A$36,""(\d+)"",""'$1""),"" "")) , 0)),database!$G$2:$G56=$B19 )))"),1.0) -> 1 | F19: =IFERROR(__xludf.DUMMYFUNCTION("IF(ISBLANK($B19),"""",INDEX(FILTER( database!$L$2:$L56, ISNUMBER(MATCH(database!$B$2:$B56,ARRAYFORMULA(SPLIT(REGEXREPLACE($A$36,""(\d+)"",""'$1""),"" "")) , 0)),database!$G$2:$G56=$B19 ),1,))"),55000.0) -> 55000 | G19: =IF(ISBLANK($B19),"",$E19*$F19) -> 55000
D20: {=IF(ISBLANK($B20),"", INDEX(itemCategoryDetails,MATCH($B20,INDEX(itemCategoryDetails,,2),0),5))} | E20: =IFERROR(__xludf.DUMMYFUNCTION("IF(ISBLANK($B20),"""",SUM(FILTER( database!$J$2:$J56, ISNUMBER(MATCH(database!$B$2:$B56,ARRAYFORMULA(SPLIT(REGEXREPLACE($A$36,""(\d+)"",""'$1""),"" "")) , 0)),database!$G$2:$G56=$B20 )))"),"") | F20: =IFERROR(__xludf.DUMMYFUNCTION("IF(ISBLANK($B20),"""",INDEX(FILTER( database!$L$2:$L56, ISNUMBER(MATCH(database!$B$2:$B56,ARRAYFORMULA(SPLIT(REGEXREPLACE($A$36,""(\d+)"",""'$1""),"" "")) , 0)),database!$G$2:$G56=$B20 ),1,))")," ") | G20: =IF(ISBLANK($B20),"",$E20*$F20)
F21: =IFERROR(__xludf.DUMMYFUNCTION("IF(ISBLANK($B21),"""",INDEX(FILTER( database!$L$2:$L56, ISNUMBER(MATCH(database!$B$2:$B56,ARRAYFORMULA(SPLIT(REGEXREPLACE($A$36,""(\d+)"",""'$1""),"" "")) , 0)),database!$G$2:$G56=$B21 ),1,))")," ")
D22: {=IF(ISBLANK($B22),"", INDEX(itemCategoryDetails,MATCH($B22,INDEX(itemCategoryDetails,,2),0),5))} | E22: =IFERROR(__xludf.DUMMYFUNCTION("IF(ISBLANK($B22),"""",SUM(FILTER( database!$J$2:$J56, ISNUMBER(MATCH(database!$B$2:$B56,ARRAYFORMULA(SPLIT(REGEXREPLACE($A$36,""(\d+)"",""'$1""),"" "")) , 0)),database!$G$2:$G56=$B22 )))"),"") | F22: =IFERROR(__xludf.DUMMYFUNCTION("IF(ISBLANK($B22),"""",INDEX(FILTER( database!$L$2:$L56, ISNUMBER(MATCH(database!$B$2:$B56,ARRAYFORMULA(SPLIT(REGEXREPLACE($A$36,""(\d+)"",""'$1""),"" "")) , 0)),database!$G$2:$G56=$B22 ),1,))")," ") | G22: =IF(ISBLANK($B22),"",$E22*$F22)
F23: =IFERROR(__xludf.DUMMYFUNCTION("IF(ISBLANK($B23),"""",INDEX(FILTER( database!$L$2:$L56, ISNUMBER(MATCH(database!$B$2:$B56,ARRAYFORMULA(SPLIT(REGEXREPLACE($A$36,""(\d+)"",""'$1""),"" "")) , 0)),database!$G$2:$G56=$B23 ),1,))")," ")
F24: =IFERROR(__xludf.DUMMYFUNCTION("IF(ISBLANK($B24),"""",INDEX(FILTER( database!$L$2:$L56, ISNUMBER(MATCH(database!$B$2:$B56,ARRAYFORMULA(SPLIT(REGEXREPLACE($A$36,""(\d+)"",""'$1""),"" "")) , 0)),database!$G$2:$G56=$B24 ),1,))")," ")
E25: Harga Jual | G25: =SUM($G$17:$G$24) -> 1810000
E26: Potongan Harga
E27: Uang Muka Diterima
E28: Dasar Pengenaan Pajak | G28: =IFERROR(__xludf.DUMMYFUNCTION("IFERROR(IF(INDEX(customerDetails,MATCH(C13,INDEX(customerDetails,,1),0),4)=TRUE,G25-IFERROR(SUM(QUERY($B$17:$G$24,""SELECT G WHERE B CONTAINS 'Non PPN'"")),0),""""))")," ")
E29: PPN 11% | G29: {=IFERROR(IF(INDEX(customerDetails,MATCH(C13,INDEX(customerDetails,,1),0),4)=TRUE,$G28*11/100,""),"")}
E30: Jumlah yang Harus Dibayarkan | G30: =round(G25+G29,0) -> 1810000
A32: Catatan : | F32: ="Sidoarjo,"&" "&text(F13,"dd mmmm yyy") -> Sidoarjo, 17 April 2026
A33: =IFERROR(__xludf.DUMMYFUNCTION("CONCATENATE(""Pengiriman periode "","" "",INDEX(TEXT(SORT(QUERY(customInv,""SELECT AQ WHERE AL='""&$F$12&""'""),1,TRUE),""DD MMMM YYYY""),1,1),"" - "",INDEX(TEXT(SORT(QUERY(customInv,""SELECT AQ WHERE AL='""&$F$12&""'""),1,TRUE),""DD MMMM YYYY""),COUNT(QU"&"ERY(customInv,""SELECT AQ WHERE AL='""&$F$12&""'"")),1))"),"Pengiriman periode 01 April 2026 - 17 April 2026") -> Pengiriman periode 01 April 2026 - 17 April 2026
A35: Referensi :
A36: =IFERROR(__xludf.DUMMYFUNCTION("JOIN("" "",QUERY(customInv,""SELECT AM WHERE AL='""&$F$12&""' ORDER BY AQ DESC""))"),"0426533113 0426523078 0426513006 0426502950") -> 0426533113 0426523078 0426513006 0426502950
F38: Wahyono
B49: =IMAGE("https://qris.interactive.co.id/restapi/qris/show_qris.php") | G49: =IMAGE("https://quickchart.io/qr?text=" & ENCODEURL($F$12))
A52: Mohon sertakan nomor faktur pada berita/note. Pembayaran sah apabila terdapat bukti transfer ke :
B54: BRI | C54: 055301001926309 (Atma Karsa Gasindo)
B55: BNI | C55: 1895607235 (Atma Karsa Gasindo)
B56: BCA | C56: 1841622478 (Rizki Kurniawan) | F56: Customer Service : | G56: WA 081333292028

Sheet Purchases Order
H3: PURCHASE ORDER
H4: Nomor
H5: Tanggal
B6: Jl. Parengan Kali 19, Parengan, Kraton, Kec. Krian, Kab. Sidoarjo, Jawa Timur Telp : 085655863676 Email : atmakarsa.id@gmail.com | H6: Tanggal Kirim
B12: Kepada : | G12: PIC PO :
B15: Tujuan : | G15: Mohon Dikirimkan Ke :
B19: No | C19: Nama Barang | E19: Satuan | F19: Kuantitas | G19: Harga Satuan | H19: Jumlah
B24: TOP : | G24: Harga Jual
G25: Potongan Harga
G26: Uang Muka Diterima
B27: Catatan : | G27: Dasar Pengenaan Pajak
G28: PPN 11%
G29: Jumlah yang Harus Dibayarkan
G31: ="Sidoarjo," -> Sidoarjo,
G36: Wahyono

Sheet Surat Jalan Lain
E1: Surat Jalan | F1: {=INDEX(inventoryLog,MATCH($F$3,INDEX(inventoryLog,,2),0),9)} -> EMPTY
E3: Nomor Dokumen | F3: 4042612928
E4: Tanggal | F4: {=INDEX(documentLog,MATCH($F$3,INDEX(documentLog,,2),0),5)} -> 46116.362
A5: Jl. Parengan Kali 19, Parengan, Kraton, Kec. Krian, Kab. Sidoarjo, Jawa Timur Telp : 085655863676 Email : atmakarsa.id@gmail.com | E5: No. Polisi | F5: L 8314 JQ
E6: Driver | F6: Sugiyono
E7: Telp. Driver | F7: 085850403150
A10: Alamat : | D10: Kepada Yth :
A11: {=INDEX(documentLog,MATCH($F$3,INDEX(documentLog,,2),0),6)} -> Jl. Bypass Krian, Kraton, Kec. Krian, Kabupaten Sidoarjo, Jawa Timur 61262 | D11: {=INDEX(documentLog,MATCH($F$3,INDEX(documentLog,,2),0),4)} -> UD. Ais Jaya
A13: No | B13: Nama Barang | E13: Satuan | F13: Jumlah
A15: {=IFERROR(SEQUENCE(COUNTA(B15:B19),1),"")} -> 1 | B15: =IFERROR(__xludf.DUMMYFUNCTION("QUERY(inventoryLog,""SELECT G,K WHERE B='""&F3&""'"",)"),"Oksigen 6m3") -> Oksigen 6m3 | C15: =IFERROR(__xludf.DUMMYFUNCTION("""COMPUTED_VALUE"""),"11120") -> 11120 | E15: =IF(B15<>"", "Btl", "") -> Btl | F15: =IFERROR(__xludf.DUMMYFUNCTION("QUERY(inventoryLog,""SELECT J WHERE B='""&F3&""'"",)"),1.0) -> 1
E16: =IF(B16<>"", "Btl", "")
E17: =IF(B17<>"", "Btl", "")
E18: =IF(B18<>"", "Btl", "")
E19: =IF(B19<>"", "Btl", "")
B20: Catatan : | F20: Nomor PO :
B23: Diterima Oleh, | C23: Pengangkut, | E23: Hormat Kami,
B24: _____________________ | C24: =F6 -> Sugiyono | E24: Rizki Kurniawan
A26: PERATURAN PENYERAHAN GAS DAN PEMINJAMAN BOTOL
A27: 1. Pelanggan wajib memeriksa botol pada waktu menerima dan pada waktu mengembalikan botol kosong bersama petugas pengiriman. 2. Botol berisi yang sudah diterima baik, tidak dapat dikembalikan/diklaim mengenai tekanan/isinya, kecuali memang terdapat kebocoran botol dan lain lain oleh pihak PT Atma Karsa Gasindo. 3. Selama dalam waktu peminjaman, untuk setiap (1) kali periode pengisian, botol harus dikembalikan selambat-lambatnya 60 (enam puluh) hari sejak tanggal penyerahan, dan pihak PT Atma Karsa Gasindo akan mengirimkan surat konfirmasi pinjaman tabung lama 30 (tiga puluh) hari sebelum kadaluarsa. Keterlambatan pengembalian botol, baik untuk setiap periode pengisian maupun pada saat jangka waktu peminjaman telah berakhir, Pelanggan akan dikenakan tambahan biaya sewa dengan tarif botol/hari sebagai berikut : | D27: 4. Pelanggan tidak diperkenankan memodifikasi isi dan tampilan botol; memperjual belikan kembali botol; dipinjamkan dan dipindah-tangankan hak milik kepada pihak lain. 5. Pelanggan bertanggung jawab terhadap botol yang diterimanya/dipinjamnya. Pihak PT Atma Karsa Gasindo akan memberi surat peringatan apabila botol terindikasi hilang untuk memberi batas waktu pencarian kepada pelanggan. Apabila dalam waktu 3 (tiga) bulan sejak tanggal penyerahan belum dikembalikan, maka botol dinyatakan hilang dan pelanggan wajib membayar ganti rugi tunai sebesar :
D35: LPG | 50 Kg | F35: 2500000
D36: O2/N2/CO2/Ar | 7m3 | F36: 2500000
D37: O2/N2/CO2/Ar | 6m3 | F37: 2000000
D38: LPG | 12 Kg | F38: 2000000
D39: Acetylene | F39: 2000000
A40: LPG | 50 Kg | C40: 2000 | D40: Kran Botol | F40: 150000
A41: O2/N2/CO2/Ar | 7m3 | C41: 1500 | F41: =IMAGE("https://quickchart.io/qr?text=" & ENCODEURL(F3))
A42: O2/N2/CO2/Ar | 6m3 | C42: 1000
A43: LPG | 12 Kg | C43: 1000
A44: Acetylene | C44: 1000
A45: Dibuat pada tanggal 1 November 2024 dan dapat berubah sewaktu-waktu.

Sheet Faktur Masa Custom Date
F3: Kepada Yth :
F4: {=IFERROR(INDEX(customerDetails,MATCH(C13,INDEX(customerDetails,,1),0),2),"")} -> PT Sinar Indogreen Kencana
F5: {=IFERROR(INDEX(customerDetails,MATCH($C$13,INDEX(customerDetails,,1),0),5),"")} -> Jl. Raya Ponokawan 8b RT/001 RW/002, Ponokawan, Krian, Sidoarjo
A6: Jl. Parengan Kali 19, Parengan, Kraton, Kec. Krian, Kab. Sidoarjo, Jawa Timur Telp : 085655863676 Email : atmakarsa.id@gmail.com
A11: FAKTUR PENJUALAN
A12: NPWP | C12: {=IFERROR(INDEX(customerDetails,MATCH(C13,INDEX(customerDetails,,1),0),3),"")} | E12: No. Faktur | F12: 2250042
A13: ID Pelanggan | C13: {=INDEX(customInv,MATCH($F$12,INDEX(customInv,,1),0),3)} -> d78b2eaf | E13: Tgl. Faktur | F13: 45901
A14: No. PO | E14: Batas Pembayaran | F14: =F13 + 29 -> 45930
A16: No | B16: Nama Barang | D16: Satuan | E16: Kuantitas | F16: Harga Satuan | G16: Jumlah
A17: {=IFERROR(SEQUENCE(COUNTA(B17:B22),1),"")} -> 1 | B17: =IFERROR(__xludf.DUMMYFUNCTION("UNIQUE(FILTER( database!G2:G53, ISNUMBER(MATCH(database!B2:B53,ARRAYFORMULA(SPLIT(REGEXREPLACE(A34,""(\d+)"",""'$1""),"" "")) , 0)) )) "),"LPG 12kg") -> LPG 12kg | D17: {=IF(ISBLANK($B17),"", INDEX(itemCategoryDetails,MATCH($B17,INDEX(itemCategoryDetails,,2),0),5))} -> Btl | E17: =IFERROR(__xludf.DUMMYFUNCTION("IF(ISBLANK($B17),"""",SUM(FILTER( database!$J$2:$J53, ISNUMBER(MATCH(database!$B$2:$B53,ARRAYFORMULA(SPLIT(REGEXREPLACE($A$34,""(\d+)"",""'$1""),"" "")) , 0)),database!$G$2:$G53=$B17 )))"),3.0) -> 3 | F17: =IFERROR(__xludf.DUMMYFUNCTION("IF(ISBLANK($B17),"""",INDEX(FILTER( database!$M$2:$M53, ISNUMBER(MATCH(database!$B$2:$B53,ARRAYFORMULA(SPLIT(REGEXREPLACE($A$34,""(\d+)"",""'$1""),"" "")) , 0)),database!$G$2:$G53=$B17 ),1,))"),"") | G17: =IF(ISBLANK($B17),"",$E17*$F17) -> 0
D18: {=IF(ISBLANK($B18),"", INDEX(itemCategoryDetails,MATCH($B18,INDEX(itemCategoryDetails,,2),0),5))} | E18: =IFERROR(__xludf.DUMMYFUNCTION("IF(ISBLANK($B18),"""",SUM(FILTER( database!$J$2:$J53, ISNUMBER(MATCH(database!$B$2:$B53,ARRAYFORMULA(SPLIT(REGEXREPLACE($A$34,""(\d+)"",""'$1""),"" "")) , 0)),database!$G$2:$G53=$B18 )))"),"") | F18: =IFERROR(__xludf.DUMMYFUNCTION("IF(ISBLANK($B18),"""",INDEX(FILTER( database!$M$2:$M53, ISNUMBER(MATCH(database!$B$2:$B53,ARRAYFORMULA(SPLIT(REGEXREPLACE($A$34,""(\d+)"",""'$1""),"" "")) , 0)),database!$G$2:$G53=$B18 ),1,))")," ") | G18: =IF(ISBLANK($B18),"",$E18*$F18)
D19: {=IF(ISBLANK($B19),"", INDEX(itemCategoryDetails,MATCH($B19,INDEX(itemCategoryDetails,,2),0),5))} | E19: =IFERROR(__xludf.DUMMYFUNCTION("IF(ISBLANK($B19),"""",SUM(FILTER( database!$J$2:$J53, ISNUMBER(MATCH(database!$B$2:$B53,ARRAYFORMULA(SPLIT(REGEXREPLACE($A$34,""(\d+)"",""'$1""),"" "")) , 0)),database!$G$2:$G53=$B19 )))"),"") | F19: =IFERROR(__xludf.DUMMYFUNCTION("IF(ISBLANK($B19),"""",INDEX(FILTER( database!$M$2:$M53, ISNUMBER(MATCH(database!$B$2:$B53,ARRAYFORMULA(SPLIT(REGEXREPLACE($A$34,""(\d+)"",""'$1""),"" "")) , 0)),database!$G$2:$G53=$B19 ),1,))")," ") | G19: =IF(ISBLANK($B19),"",$E19*$F19)
D20: {=IF(ISBLANK($B20),"", INDEX(itemCategoryDetails,MATCH($B20,INDEX(itemCategoryDetails,,2),0),5))} | E20: =IFERROR(__xludf.DUMMYFUNCTION("IF(ISBLANK($B20),"""",SUM(FILTER( database!$J$2:$J53, ISNUMBER(MATCH(database!$B$2:$B53,ARRAYFORMULA(SPLIT(REGEXREPLACE($A$34,""(\d+)"",""'$1""),"" "")) , 0)),database!$G$2:$G53=$B20 )))"),"") | F20: =IFERROR(__xludf.DUMMYFUNCTION("IF(ISBLANK($B20),"""",INDEX(FILTER( database!$M$2:$M53, ISNUMBER(MATCH(database!$B$2:$B53,ARRAYFORMULA(SPLIT(REGEXREPLACE($A$34,""(\d+)"",""'$1""),"" "")) , 0)),database!$G$2:$G53=$B20 ),1,))")," ") | G20: =IF(ISBLANK($B20),"",$E20*$F20)
D22: {=IF(ISBLANK($B22),"", INDEX(itemCategoryDetails,MATCH($B22,INDEX(itemCategoryDetails,,2),0),5))} | E22: =IFERROR(__xludf.DUMMYFUNCTION("IF(ISBLANK($B22),"""",SUM(FILTER( database!$J$2:$J53, ISNUMBER(MATCH(database!$B$2:$B53,ARRAYFORMULA(SPLIT(REGEXREPLACE($A$34,""(\d+)"",""'$1""),"" "")) , 0)),database!$G$2:$G53=$B22 )))"),"") | F22: =IFERROR(__xludf.DUMMYFUNCTION("IF(ISBLANK($B22),"""",INDEX(FILTER( database!$M$2:$M53, ISNUMBER(MATCH(database!$B$2:$B53,ARRAYFORMULA(SPLIT(REGEXREPLACE($A$34,""(\d+)"",""'$1""),"" "")) , 0)),database!$G$2:$G53=$B22 ),1,))")," ") | G22: =IF(ISBLANK($B22),"",$E22*$F22)
E23: Harga Jual | G23: =SUM(G17:G19) -> 0
E24: Potongan Harga
E25: Uang Muka Diterima
E26: Dasar Pengenaan Pajak | G26: {=IFERROR(IF(INDEX(customerDetails,MATCH(C13,INDEX(customerDetails,,1),0),4)=TRUE,G23,""),"")} -> 0
E27: PPN 11% | G27: {=IFERROR(IF(INDEX(customerDetails,MATCH(C13,INDEX(customerDetails,,1),0),4)=TRUE,$G26*11/100,""),"")} -> 0
E28: Jumlah yang Harus Dibayarkan | G28: =round(G23+G27,0) -> 0
A30: Catatan : | F30: ="Sidoarjo,"&" "&text(F13,"dd mmmm yyy") -> Sidoarjo, 01 September 2025
A31: =IFERROR(__xludf.DUMMYFUNCTION("CONCATENATE(""Pengiriman periode "","" "",INDEX(TEXT(SORT(QUERY(customInv,""SELECT AQ WHERE AL='""&$F$12&""'""),1,TRUE),""DD MMMM YYYY""),1,1),"" - "",INDEX(TEXT(SORT(QUERY(customInv,""SELECT AQ WHERE AL='""&$F$12&""'""),1,TRUE),""DD MMMM YYYY""),COUNT(QU"&"ERY(customInv,""SELECT AQ WHERE AL='""&$F$12&""'"")),1))"),"Pengiriman periode 21 Juli 2025 - 19 Agustus 2025") -> Pengiriman periode 21 Juli 2025 - 19 Agustus 2025
A33: Referensi :
A34: =IFERROR(__xludf.DUMMYFUNCTION("JOIN("" "",QUERY(customInv,""SELECT AM WHERE AL='""&$F$12&""' ORDER BY AQ DESC""))"),"0825131141 0825121111 07250593") -> 0825131141 0825121111 07250593
F35: Wahyono
B46: =IMAGE("https://qris.interactive.co.id/restapi/qris/show_qris.php") | G46: =IMAGE("https://quickchart.io/qr?text=" & ENCODEURL($F$12))
A50: Mohon sertakan nomor faktur pada berita/note. Pembayaran sah apabila terdapat bukti transfer ke :
B52: BNI | C52: 1895607235 (Atma Karsa Gasindo)
B53: BCA | C53: 1841622478 (Rizki Kurniawan) | F53: Customer Service : | G53: WA 081333292028

Sheet draftFAKTUR MASA & KWITANSI
F3: Kepada Yth :
F4: {=IFERROR(INDEX(customerDetails,MATCH(C13,INDEX(customerDetails,,1),0),2),"")} -> Mitra Wood Sejahtera
F5: {=IFERROR(INDEX(customerDetails,MATCH($C$13,INDEX(customerDetails,,1),0),5),"")} -> Jl.cungkling, Jl. Tanggungan, Nanom Kidul, Lebaniwaras, Kec. Wringinanom, Kabupaten Gresik, Jawa Timur 61176
A6: Jl. Parengan Kali 19, Parengan, Kraton, Kec. Krian, Kab. Sidoarjo, Jawa Timur Telp : 085655863676 Email : atmakarsa.id@gmail.com
A11: FAKTUR PENJUALAN
A12: NPWP | C12: {=IFERROR(INDEX(customerDetails,MATCH(C13,INDEX(customerDetails,,1),0),3),"")} | E12: No. Faktur | F12: 2250033
A13: ID Pelanggan | C13: {=INDEX(customInv,MATCH($F$12,INDEX(customInv,,1),0),3)} -> eec2e801 | E13: Tgl. Faktur | F13: =IFERROR(__xludf.DUMMYFUNCTION("INDEX(TEXT(SORT(QUERY(customInv,""SELECT AQ WHERE AL='""&$F$12&""'""),1,FALSE),""DD/MM/YYYY""),1,1)"),"23/07/2025") -> 23/07/2025
A14: No. PO | E14: Batas Pembayaran
A16: No | B16: Nama Barang | D16: Satuan | E16: Kuantitas | F16: Harga Satuan | G16: Jumlah
A17: {=IFERROR(SEQUENCE(COUNTA(B17:B21),1),"")} -> 1 | B17: =IFERROR(__xludf.DUMMYFUNCTION("UNIQUE(FILTER( database!G2:G53, ISNUMBER(MATCH(database!B2:B53,ARRAYFORMULA(SPLIT(REGEXREPLACE(A27,""(\d+)"",""'$1""),"" "")) , 0)) )) "),"Oksigen 6m3") -> Oksigen 6m3 | D17: {=IF(ISBLANK($B17),"", INDEX(itemCategoryDetails,MATCH($B17,INDEX(itemCategoryDetails,,2),0),5))} -> Btl | E17: =IFERROR(__xludf.DUMMYFUNCTION("IF(ISBLANK($B17),"""",SUM(FILTER( database!$J$2:$J53, ISNUMBER(MATCH(database!$B$2:$B53,ARRAYFORMULA(SPLIT(REGEXREPLACE($A$27,""(\d+)"",""'$1""),"" "")) , 0)),database!$G$2:$G53=$B17 )))"),20.0) -> 20 | F17: =IFERROR(__xludf.DUMMYFUNCTION("IF(ISBLANK($B17),"""",INDEX(FILTER( database!$M$2:$M53, ISNUMBER(MATCH(database!$B$2:$B53,ARRAYFORMULA(SPLIT(REGEXREPLACE($A$27,""(\d+)"",""'$1""),"" "")) , 0)),database!$G$2:$G53=$B17 ),1,))"),"") | G17: =IF(ISBLANK($B17),"",$E17*$F17) -> 0
A18: 2 | B18: =IFERROR(__xludf.DUMMYFUNCTION("""COMPUTED_VALUE"""),"LPG 12kg") -> LPG 12kg | D18: {=IF(ISBLANK($B18),"", INDEX(itemCategoryDetails,MATCH($B18,INDEX(itemCategoryDetails,,2),0),5))} -> Btl | E18: =IFERROR(__xludf.DUMMYFUNCTION("IF(ISBLANK($B18),"""",SUM(FILTER( database!$J$2:$J53, ISNUMBER(MATCH(database!$B$2:$B53,ARRAYFORMULA(SPLIT(REGEXREPLACE($A$27,""(\d+)"",""'$1""),"" "")) , 0)),database!$G$2:$G53=$B18 )))"),4.0) -> 4 | F18: =IFERROR(__xludf.DUMMYFUNCTION("IF(ISBLANK($B18),"""",INDEX(FILTER( database!$M$2:$M53, ISNUMBER(MATCH(database!$B$2:$B53,ARRAYFORMULA(SPLIT(REGEXREPLACE($A$27,""(\d+)"",""'$1""),"" "")) , 0)),database!$G$2:$G53=$B18 ),1,))"),"") | G18: =IF(ISBLANK($B18),"",$E18*$F18) -> 0
D19: {=IF(ISBLANK($B19),"", INDEX(itemCategoryDetails,MATCH($B19,INDEX(itemCategoryDetails,,2),0),5))} | E19: =IFERROR(__xludf.DUMMYFUNCTION("IF(ISBLANK($B19),"""",SUM(FILTER( database!$J$2:$J53, ISNUMBER(MATCH(database!$B$2:$B53,ARRAYFORMULA(SPLIT(REGEXREPLACE($A$27,""(\d+)"",""'$1""),"" "")) , 0)),database!$G$2:$G53=$B19 )))"),"") | F19: =IFERROR(__xludf.DUMMYFUNCTION("IF(ISBLANK($B19),"""",INDEX(FILTER( database!$M$2:$M53, ISNUMBER(MATCH(database!$B$2:$B53,ARRAYFORMULA(SPLIT(REGEXREPLACE($A$27,""(\d+)"",""'$1""),"" "")) , 0)),database!$G$2:$G53=$B19 ),1,))")," ") | G19: =IF(ISBLANK($B19),"",$E19*$F19)
D20: {=IF(ISBLANK($B20),"", INDEX(itemCategoryDetails,MATCH($B20,INDEX(itemCategoryDetails,,2),0),5))} | E20: =IFERROR(__xludf.DUMMYFUNCTION("IF(ISBLANK($B20),"""",SUM(FILTER( database!$J$2:$J53, ISNUMBER(MATCH(database!$B$2:$B53,ARRAYFORMULA(SPLIT(REGEXREPLACE($A$27,""(\d+)"",""'$1""),"" "")) , 0)),database!$G$2:$G53=$B20 )))"),"") | F20: =IFERROR(__xludf.DUMMYFUNCTION("IF(ISBLANK($B20),"""",INDEX(FILTER( database!$M$2:$M53, ISNUMBER(MATCH(database!$B$2:$B53,ARRAYFORMULA(SPLIT(REGEXREPLACE($A$27,""(\d+)"",""'$1""),"" "")) , 0)),database!$G$2:$G53=$B20 ),1,))")," ") | G20: =IF(ISBLANK($B20),"",$E20*$F20)
D21: {=IF(ISBLANK($B21),"", INDEX(itemCategoryDetails,MATCH($B21,INDEX(itemCategoryDetails,,2),0),5))} | E21: =IFERROR(__xludf.DUMMYFUNCTION("IF(ISBLANK($B21),"""",SUM(FILTER( database!$J$2:$J53, ISNUMBER(MATCH(database!$B$2:$B53,ARRAYFORMULA(SPLIT(REGEXREPLACE($A$27,""(\d+)"",""'$1""),"" "")) , 0)),database!$G$2:$G53=$B21 )))"),"") | F21: =IFERROR(__xludf.DUMMYFUNCTION("IF(ISBLANK($B21),"""",INDEX(FILTER( database!$M$2:$M53, ISNUMBER(MATCH(database!$B$2:$B53,ARRAYFORMULA(SPLIT(REGEXREPLACE($A$27,""(\d+)"",""'$1""),"" "")) , 0)),database!$G$2:$G53=$B21 ),1,))")," ") | G21: =IF(ISBLANK($B21),"",$E21*$F21)
E22: Harga Jual | G22: =SUM(G17:G19) -> 0
A23: Catatan : | E23: Ongkos Kirim
A24: =IFERROR(__xludf.DUMMYFUNCTION("CONCATENATE(""Pengiriman periode "","" "",INDEX(TEXT(SORT(QUERY(customInv,""SELECT AQ WHERE AL='""&$F$12&""'""),1,TRUE),""DD MMMM YYYY""),1,1),"" - "",INDEX(TEXT(SORT(QUERY(customInv,""SELECT AQ WHERE AL='""&$F$12&""'""),1,TRUE),""DD MMMM YYYY""),COUNT(QU"&"ERY(customInv,""SELECT AQ WHERE AL='""&$F$12&""'"")),1))"),"Pengiriman periode 23 Juli 2025 - 23 Juli 2025") -> Pengiriman periode 23 Juli 2025 - 23 Juli 2025 | E24: Potongan Harga
E25: Uang Muka Diterima
A26: Referensi : | E26: Dasar Pengenaan Pajak | G26: {=IFERROR(IF(INDEX(customerDetails,MATCH(C13,INDEX(customerDetails,,1),0),4)=TRUE,G22,""),"")}
A27: =IFERROR(__xludf.DUMMYFUNCTION("JOIN("" "",QUERY(customInv,""SELECT AM WHERE AL='""&$F$12&""' ORDER BY AQ DESC""))"),"07250602 07250604") -> 07250602 07250604 | E27: PPN 11% | G27: {=IFERROR(IF(INDEX(customerDetails,MATCH(C13,INDEX(customerDetails,,1),0),4)=TRUE,G22*11/100,""),"")}
E28: Jumlah yang Harus Dibayarkan | G28: =G22+G27+G23 -> 0
A30: =IMAGE("https://quickchart.io/qr?text=" & ENCODEURL($F$12)) | F30: ="Sidoarjo,"&" "&text(F13,"dd mmmm yyy") -> Sidoarjo, 23 Juli 2025
C31: Mohon sertakan nomor faktur pada berita/note. Pembayaran sah apabila terdapat bukti transfer ke :
C33: BNI 1895607235 (Atma Karsa Gasindo)
C34: BCA 1841622478 (Rizki Kurniawan)
F35: Wahyono
B46: =IMAGE("https://qris.interactive.co.id/restapi/qris/show_qris.php")

Sheet Tanda Terima (Connected Faktur)
F4: Tanda Terima
A6: Jl. Parengan Kali 19, Parengan, Kraton, Kec. Krian, Kab. Sidoarjo, Jawa Timur Telp : 085655863676 Email : atmakarsa.id@gmail.com
F7: Tanggal : | G7: 45757
A11: Telah terima | B11: : | C11: ="1. Faktur Penjualan" &" x1" -> 1. Faktur Penjualan x1
C12: =Faktur!F12 -> 04261063117
C13: ="2. Surat Jalan x1" -> 2. Surat Jalan x1
C14: =Faktur!F12 -> 04261063117
A17: Dari/Untuk | B17: : | C17: ='Faktur Masa (Print)'!$F$4 -> Bpk. Kadir (Maintenance Velg)
A19: Yang menyerahkan, | F19: Penerima,

Sheet Tanda Terima (Connected Faktur 
F4: Tanda Terima
A6: Jl. Parengan Kali 19, Parengan, Kraton, Kec. Krian, Kab. Sidoarjo, Jawa Timur Telp : 085655863676 Email : atmakarsa.id@gmail.com
F7: Tanggal : | G7: 45757
A11: Telah terima | B11: : | C11: ="1. Faktur Penjualan" &" x1" -> 1. Faktur Penjualan x1
C12: ='Faktur Masa (Print)'!$F$12 -> 2260314
C13: =IFERROR(__xludf.DUMMYFUNCTION("""2. Surat Jalan"" &"" x""&COUNTA(SPLIT('Faktur Masa (Print)'!$A$36,"" ""))"),"2. Surat Jalan x4") -> 2. Surat Jalan x4
C14: ='Faktur Masa (Print)'!$A$36 -> 0426533113 0426523078 0426513006 0426502950
A17: Dari/Untuk | B17: : | C17: ='Faktur Masa (Print)'!$F$4 -> Bpk. Kadir (Maintenance Velg)
A19: Yang menyerahkan, | F19: Penerima,
F33: KWITANSI
A35: Jl. Parengan Kali 19, Parengan, Kraton, Kec. Krian, Kab. Sidoarjo, Jawa Timur Telp : 085655863676 Email : atmakarsa.id@gmail.com
A40: Telah terima dari | C40: : | D40: ='Faktur Masa (Print)'!$F$4 -> Bpk. Kadir (Maintenance Velg)
A41: Uang sejumlah | C41: : | D41: =terbilang('Faktur Masa (Print)'!G$30) -> Satu Juta Delapan Ratus Sepuluh Ribu
A42: Untuk pembayaran | C42: : | D42: ="Faktur Nomor "& 'Faktur Masa (Print)'!$F$12 -> Faktur Nomor 2260314
F45: ='Faktur Masa (Print)'!F32 -> Sidoarjo, 17 April 2026
A49: ='Faktur Masa (Print)'!G$30 -> 1810000
F50: ='Faktur Masa (Print)'!F37 -> Wahyono

Sheet database
A1: =IFERROR(__xludf.DUMMYFUNCTION("IMPORTRANGE(""https://docs.google.com/spreadsheets/d/1HW-yrSCd5GRX8NERW7XSFs49YsIB5WzHtomULUEkO2w/edit?usp=sharing"",""inventoryLog!A:O"")"),"inventoryId") -> inventoryId | B1: =IFERROR(__xludf.DUMMYFUNCTION("""COMPUTED_VALUE"""),"docNumber") -> docNumber | C1: =IFERROR(__xludf.DUMMYFUNCTION("""COMPUTED_VALUE"""),"datetime") -> datetime | D1: =IFERROR(__xludf.DUMMYFUNCTION("""COMPUTED_VALUE"""),"customerId") -> customerId | E1: =IFERROR(__xludf.DUMMYFUNCTION("""COMPUTED_VALUE"""),"customerName") -> customerName | F1: =IFERROR(__xludf.DUMMYFUNCTION("""COMPUTED_VALUE"""),"itemId") -> itemId | G1: =IFERROR(__xludf.DUMMYFUNCTION("""COMPUTED_VALUE"""),"itemName") -> itemName | H1: =IFERROR(__xludf.DUMMYFUNCTION("""COMPUTED_VALUE"""),"mutation") -> mutation | I1: =IFERROR(__xludf.DUMMYFUNCTION("""COMPUTED_VALUE"""),"mutationCode") -> mutationCode | J1: =IFERROR(__xludf.DUMMYFUNCTION("""COMPUTED_VALUE"""),"qty") -> qty | K1: =IFERROR(__xludf.DUMMYFUNCTION("""COMPUTED_VALUE"""),"itemNumber") -> itemNumber | L1: =IFERROR(__xludf.DUMMYFUNCTION("""COMPUTED_VALUE"""),"price") -> price | M1: =IFERROR(__xludf.DUMMYFUNCTION("""COMPUTED_VALUE"""),"description") -> description | N1: =IFERROR(__xludf.DUMMYFUNCTION("""COMPUTED_VALUE"""),"adminNote") -> adminNote | O1: =IFERROR(__xludf.DUMMYFUNCTION("""COMPUTED_VALUE"""),"isCorrection") -> isCorrection | Q1: =IFERROR(__xludf.DUMMYFUNCTION("IMPORTRANGE(""https://docs.google.com/spreadsheets/d/1HW-yrSCd5GRX8NERW7XSFs49YsIB5WzHtomULUEkO2w/edit?usp=sharing"",""documentLog!A:h"")"),"inventoryId") -> inventoryId | R1: =IFERROR(__xludf.DUMMYFUNCTION("""COMPUTED_VALUE"""),"docNumber") -> docNumber | S1: =IFERROR(__xludf.DUMMYFUNCTION("""COMPUTED_VALUE"""),"customerId") -> customerId | T1: =IFERROR(__xludf.DUMMYFUNCTION("""COMPUTED_VALUE"""),"customerName") -> customerName | U1: =IFERROR(__xludf.DUMMYFUNCTION("""COMPUTED_VALUE"""),"datetime") -> datetime | V1: =IFERROR(__xludf.DUMMYFUNCTION("""COMPUTED_VALUE"""),"address") -> address | W1: =IFERROR(__xludf.DUMMYFUNCTION("""COMPUTED_VALUE"""),"mutation") -> mutation | X1: =IFERROR(__xludf.DUMMYFUNCTION("""COMPUTED_VALUE"""),"customerSign") -> customerSign | Z1: docNumDescNormal | AA1: docNumDescOther | AC1: =IFERROR(__xludf.DUMMYFUNCTION("IMPORTRANGE(""https://docs.google.com/spreadsheets/d/1HW-yrSCd5GRX8NERW7XSFs49YsIB5WzHtomULUEkO2w/edit?usp=sharing"",""customerDetails!A:h"")"),"customerId") -> customerId | AD1: =IFERROR(__xludf.DUMMYFUNCTION("""COMPUTED_VALUE"""),"customerName") -> customerName | AE1: =IFERROR(__xludf.DUMMYFUNCTION("""COMPUTED_VALUE"""),"npwp") -> npwp | AF1: =IFERROR(__xludf.DUMMYFUNCTION("""COMPUTED_VALUE"""),"ppn") -> ppn | AG1: =IFERROR(__xludf.DUMMYFUNCTION("""COMPUTED_VALUE"""),"address") -> address | AH1: =IFERROR(__xludf.DUMMYFUNCTION("""COMPUTED_VALUE"""),"termin") -> termin | AI1: =IFERROR(__xludf.DUMMYFUNCTION("""COMPUTED_VALUE"""),"call") -> call | AJ1: =IFERROR(__xludf.DUMMYFUNCTION("""COMPUTED_VALUE"""),"reportUpdates") -> reportUpdates | AL1: =IFERROR(__xludf.DUMMYFUNCTION("QUERY(IMPORTRANGE(""https://docs.google.com/spreadsheets/d/1HW-yrSCd5GRX8NERW7XSFs49YsIB5WzHtomULUEkO2w/edit?usp=sharing"",""customInv!A:G""),""SELECT * ORDER BY Col5 DESC"",1)"),"concatDocNumber") -> concatDocNumber | AM1: =IFERROR(__xludf.DUMMYFUNCTION("""COMPUTED_VALUE"""),"docNumber") -> docNumber | AN1: =IFERROR(__xludf.DUMMYFUNCTION("""COMPUTED_VALUE"""),"customerId") -> customerId | AO1: =IFERROR(__xludf.DUMMYFUNCTION("""COMPUTED_VALUE"""),"customerName") -> customerName | AP1: =IFERROR(__xludf.DUMMYFUNCTION("""COMPUTED_VALUE"""),"datetime") -> datetime | AQ1: =IFERROR(__xludf.DUMMYFUNCTION("""COMPUTED_VALUE"""),"docDate") -> docDate | AR1: =IFERROR(__xludf.DUMMYFUNCTION("""COMPUTED_VALUE"""),"") | AS1: =IFERROR(__xludf.DUMMYFUNCTION("IMPORTRANGE(""https://docs.google.com/spreadsheets/d/1HW-yrSCd5GRX8NERW7XSFs49YsIB5WzHtomULUEkO2w/edit?usp=sharing"",""customerDetails!A:h"")"),"customerId") -> customerId | AT1: =IFERROR(__xludf.DUMMYFUNCTION("""COMPUTED_VALUE"""),"customerName") -> customerName | AU1: =IFERROR(__xludf.DUMMYFUNCTION("""COMPUTED_VALUE"""),"npwp") -> npwp | AV1: =IFERROR(__xludf.DUMMYFUNCTION("""COMPUTED_VALUE"""),"ppn") -> ppn | AW1: =IFERROR(__xludf.DUMMYFUNCTION("""COMPUTED_VALUE"""),"address") -> address | AX1: =IFERROR(__xludf.DUMMYFUNCTION("""COMPUTED_VALUE"""),"termin") -> termin | AY1: =IFERROR(__xludf.DUMMYFUNCTION("""COMPUTED_VALUE"""),"call") -> call | AZ1: =IFERROR(__xludf.DUMMYFUNCTION("""COMPUTED_VALUE"""),"reportUpdates") -> reportUpdates | BB1: =IFERROR(__xludf.DUMMYFUNCTION("IMPORTRANGE(""https://docs.google.com/spreadsheets/d/1HW-yrSCd5GRX8NERW7XSFs49YsIB5WzHtomULUEkO2w/edit?usp=sharing"",""itemCategoryDetails!A:H"")"),"itemId") -> itemId | BC1: =IFERROR(__xludf.DUMMYFUNCTION("""COMPUTED_VALUE"""),"itemName") -> itemName | BD1: =IFERROR(__xludf.DUMMYFUNCTION("""COMPUTED_VALUE"""),"category") -> category | BE1: =IFERROR(__xludf.DUMMYFUNCTION("""COMPUTED_VALUE"""),"tags") -> tags | BF1: =IFERROR(__xludf.DUMMYFUNCTION("""COMPUTED_VALUE"""),"satuan") -> satuan | BG1: =IFERROR(__xludf.DUMMYFUNCTION("""COMPUTED_VALUE"""),"description") -> description | BH1: =IFERROR(__xludf.DUMMYFUNCTION("""COMPUTED_VALUE"""),"priviledge") -> priviledge
A2: =IFERROR(__xludf.DUMMYFUNCTION("""COMPUTED_VALUE"""),"08240001") -> 08240001 | B2: =IFERROR(__xludf.DUMMYFUNCTION("""COMPUTED_VALUE"""),"08240001") -> 08240001 | C2: =IFERROR(__xludf.DUMMYFUNCTION("""COMPUTED_VALUE"""),45527.40744212963) -> 45527.407 | D2: =IFERROR(__xludf.DUMMYFUNCTION("""COMPUTED_VALUE"""),"a9fe1bea") -> a9fe1bea | E2: =IFERROR(__xludf.DUMMYFUNCTION("""COMPUTED_VALUE"""),"H. Suheiri") -> H. Suheiri | F2: =IFERROR(__xludf.DUMMYFUNCTION("""COMPUTED_VALUE"""),"8bdbe149") -> 8bdbe149 | G2: =IFERROR(__xludf.DUMMYFUNCTION("""COMPUTED_VALUE"""),"Oksigen 6m3") -> Oksigen 6m3 | H2: =IFERROR(__xludf.DUMMYFUNCTION("""COMPUTED_VALUE"""),"OUT") -> OUT | I2: =IFERROR(__xludf.DUMMYFUNCTION("""COMPUTED_VALUE"""),"NORMAL") -> NORMAL | J2: =IFERROR(__xludf.DUMMYFUNCTION("""COMPUTED_VALUE"""),20.0) -> 20 | K2: =IFERROR(__xludf.DUMMYFUNCTION("""COMPUTED_VALUE"""),"1105 1113 1124 1125 1144 1145 1136 1134 1143 1139 1137 1135 1141 1142 1140 1133 1132 1123 1118 1108") -> 1105 1113 1124 1125 1144 1145 1136 1134 1143 1139 1137 1135 1141 1142 1140 1133 1132 1123 1118 1108 | L2: =IFERROR(__xludf.DUMMYFUNCTION("""COMPUTED_VALUE"""),50000.0) -> 50000 | Q2: =IFERROR(__xludf.DUMMYFUNCTION("""COMPUTED_VALUE"""),"08240001") -> 08240001 | R2: =IFERROR(__xludf.DUMMYFUNCTION("""COMPUTED_VALUE"""),"08240001") -> 08240001 | S2: =IFERROR(__xludf.DUMMYFUNCTION("""COMPUTED_VALUE"""),"a9fe1bea") -> a9fe1bea | T2: =IFERROR(__xludf.DUMMYFUNCTION("""COMPUTED_VALUE"""),"H. Suheiri") -> H. Suheiri | U2: =IFERROR(__xludf.DUMMYFUNCTION("""COMPUTED_VALUE"""),45527.407442129625) -> 45527.407 | V2: =IFERROR(__xludf.DUMMYFUNCTION("""COMPUTED_VALUE"""),"Jalan Raya Balongbendo No. 6 RT. 1 / RW. 1 Singkalan, Singkalan, Seduri, Kec. BalongBendo, Kabupaten Sidoarjo, Jawa Timur 61263") -> Jalan Raya Balongbendo No. 6 RT. 1 / RW. 1 Singkalan, Singkalan, Seduri, Kec. BalongBendo, Kabupaten Sidoarjo, Jawa Timur 61263 | W2: =IFERROR(__xludf.DUMMYFUNCTION("""COMPUTED_VALUE"""),"OUT") -> OUT | Z2: =IFERROR(__xludf.DUMMYFUNCTION("QUERY($R$2:$W5004,""SELECT R WHERE W='OUT' ORDER BY U DESC"")"),"04261063117") -> 04261063117 | AA2: =IFERROR(__xludf.DUMMYFUNCTION("QUERY($R$2:$W5004,""SELECT R WHERE W='OTHER' ORDER BY U DESC"")"),"4042612928") -> 4042612928 | AC2: =IFERROR(__xludf.DUMMYFUNCTION("""COMPUTED_VALUE"""),"7b9d8eba") -> 7b9d8eba | AD2: =IFERROR(__xludf.DUMMYFUNCTION("""COMPUTED_VALUE"""),"PT PELANGI INDOKARYA") -> PT PELANGI INDOKARYA | AE2: =IFERROR(__xludf.DUMMYFUNCTION("""COMPUTED_VALUE"""),"025249210606000") -> 025249210606000 | AF2: =IFERROR(__xludf.DUMMYFUNCTION("""COMPUTED_VALUE"""),TRUE) -> TRUE | AG2: =IFERROR(__xludf.DUMMYFUNCTION("""COMPUTED_VALUE"""),"Jl Medokan Semampir Indah Sukokilo No 129 RT. 005 RW. 008 Medokan Semampir Sukokilo Kota Surabaya Jawa Timur 60119") -> Jl Medokan Semampir Indah Sukokilo No 129 RT. 005 RW. 008 Medokan Semampir Sukokilo Kota Surabaya Jawa Timur 60119 | AH2: =IFERROR(__xludf.DUMMYFUNCTION("""COMPUTED_VALUE"""),30.0) -> 30 | AJ2: =IFERROR(__xludf.DUMMYFUNCTION("""COMPUTED_VALUE"""),45887.854166666664) -> 45887.854 | AL2: =IFERROR(__xludf.DUMMYFUNCTION("""COMPUTED_VALUE"""),"2260314") -> 2260314 | AM2: =IFERROR(__xludf.DUMMYFUNCTION("""COMPUTED_VALUE"""),"0426502950") -> 0426502950 | AN2: =IFERROR(__xludf.DUMMYFUNCTION("""COMPUTED_VALUE"""),"ec231cc9") -> ec231cc9 | AO2: =IFERROR(__xludf.DUMMYFUNCTION("""COMPUTED_VALUE"""),"Bpk. Kohir (Maintenance Velg)") -> Bpk. Kohir (Maintenance Velg) | AP2: =IFERROR(__xludf.DUMMYFUNCTION("""COMPUTED_VALUE"""),46129.46581018518) -> 46129.466 | AQ2: =IFERROR(__xludf.DUMMYFUNCTION("""COMPUTED_VALUE"""),46113.0) -> 46113 | AS2: =IFERROR(__xludf.DUMMYFUNCTION("""COMPUTED_VALUE"""),"7b9d8eba") -> 7b9d8eba | AT2: =IFERROR(__xludf.DUMMYFUNCTION("""COMPUTED_VALUE"""),"PT PELANGI INDOKARYA") -> PT PELANGI INDOKARYA | AU2: =IFERROR(__xludf.DUMMYFUNCTION("""COMPUTED_VALUE"""),"025249210606000") -> 025249210606000 | AV2: =IFERROR(__xludf.DUMMYFUNCTION("""COMPUTED_VALUE"""),TRUE) -> TRUE | AW2: =IFERROR(__xludf.DUMMYFUNCTION("""COMPUTED_VALUE"""),"Jl Medokan Semampir Indah Sukokilo No 129 RT. 005 RW. 008 Medokan Semampir Sukokilo Kota Surabaya Jawa Timur 60119") -> Jl Medokan Semampir Indah Sukokilo No 129 RT. 005 RW. 008 Medokan Semampir Sukokilo Kota Surabaya Jawa Timur 60119 | AX2: =IFERROR(__xludf.DUMMYFUNCTION("""COMPUTED_VALUE"""),30.0) -> 30 | AZ2: =IFERROR(__xludf.DUMMYFUNCTION("""COMPUTED_VALUE"""),45887.854166666664) -> 45887.854 | BB2: =IFERROR(__xludf.DUMMYFUNCTION("""COMPUTED_VALUE"""),"3b9d6a30") -> 3b9d6a30 | BC2: =IFERROR(__xludf.DUMMYFUNCTION("""COMPUTED_VALUE"""),"Acetyline") -> Acetyline | BD2: =IFERROR(__xludf.DUMMYFUNCTION("""COMPUTED_VALUE"""),"RENT") -> RENT | BE2: =IFERROR(__xludf.DUMMYFUNCTION("""COMPUTED_VALUE"""),"MP") -> MP | BF2: =IFERROR(__xludf.DUMMYFUNCTION("""COMPUTED_VALUE"""),"Btl") -> Btl | BH2: =IFERROR(__xludf.DUMMYFUNCTION("""COMPUTED_VALUE"""),TRUE) -> TRUE
A3: =IFERROR(__xludf.DUMMYFUNCTION("""COMPUTED_VALUE"""),"08240002") -> 08240002 | B3: =IFERROR(__xludf.DUMMYFUNCTION("""COMPUTED_VALUE"""),"08240002") -> 08240002 | C3: =IFERROR(__xludf.DUMMYFUNCTION("""COMPUTED_VALUE"""),45527.43210648148) -> 45527.432 | D3: =IFERROR(__xludf.DUMMYFUNCTION("""COMPUTED_VALUE"""),"e968afef") -> e968afef | E3: =IFERROR(__xludf.DUMMYFUNCTION("""COMPUTED_VALUE"""),"Bpk. Agus") -> Bpk. Agus | F3: =IFERROR(__xludf.DUMMYFUNCTION("""COMPUTED_VALUE"""),"8bdbe149") -> 8bdbe149 | G3: =IFERROR(__xludf.DUMMYFUNCTION("""COMPUTED_VALUE"""),"Oksigen 6m3") -> Oksigen 6m3 | H3: =IFERROR(__xludf.DUMMYFUNCTION("""COMPUTED_VALUE"""),"OUT") -> OUT | I3: =IFERROR(__xludf.DUMMYFUNCTION("""COMPUTED_VALUE"""),"NORMAL") -> NORMAL | J3: =IFERROR(__xludf.DUMMYFUNCTION("""COMPUTED_VALUE"""),10.0) -> 10 | K3: =IFERROR(__xludf.DUMMYFUNCTION("""COMPUTED_VALUE"""),"1109 1102 1114 1111 1115 1110 1107 1106 1103 1104") -> 1109 1102 1114 1111 1115 1110 1107 1106 1103 1104 | L3: =IFERROR(__xludf.DUMMYFUNCTION("""COMPUTED_VALUE"""),60000.0) -> 60000 | Q3: =IFERROR(__xludf.DUMMYFUNCTION("""COMPUTED_VALUE"""),"08240002") -> 08240002 | R3: =IFERROR(__xludf.DUMMYFUNCTION("""COMPUTED_VALUE"""),"08240002") -> 08240002 | S3: =IFERROR(__xludf.DUMMYFUNCTION("""COMPUTED_VALUE"""),"e968afef") -> e968afef | T3: =IFERROR(__xludf.DUMMYFUNCTION("""COMPUTED_VALUE"""),"Bpk. Agus") -> Bpk. Agus | U3: =IFERROR(__xludf.DUMMYFUNCTION("""COMPUTED_VALUE"""),45527.43210648149) -> 45527.432 | V3: =IFERROR(__xludf.DUMMYFUNCTION("""COMPUTED_VALUE"""),"Jl. Parengan 13, Semawut, Balongbendo, Kec. BalongBendo, Kabupaten Sidoarjo, Jawa Timur 61263") -> Jl. Parengan 13, Semawut, Balongbendo, Kec. BalongBendo, Kabupaten Sidoarjo, Jawa Timur 61263 | W3: =IFERROR(__xludf.DUMMYFUNCTION("""COMPUTED_VALUE"""),"OUT") -> OUT | Z3: =IFERROR(__xludf.DUMMYFUNCTION("""COMPUTED_VALUE"""),"0426533113") -> 0426533113 | AA3: =IFERROR(__xludf.DUMMYFUNCTION("""COMPUTED_VALUE"""),"4032632926") -> 4032632926 | AC3: =IFERROR(__xludf.DUMMYFUNCTION("""COMPUTED_VALUE"""),"f8335a53") -> f8335a53 | AD3: =IFERROR(__xludf.DUMMYFUNCTION("""COMPUTED_VALUE"""),"CV RAGAM JAYA ENGINEERING") -> CV RAGAM JAYA ENGINEERING | AF3: =IFERROR(__xludf.DUMMYFUNCTION("""COMPUTED_VALUE"""),TRUE) -> TRUE | AG3: =IFERROR(__xludf.DUMMYFUNCTION("""COMPUTED_VALUE"""),"Jl. Balung wangon, Dadapkuning, Bulurejo, Kec. Benjeng, Kabupaten Gresik, Jawa Timur 61172") -> Jl. Balung wangon, Dadapkuning, Bulurejo, Kec. Benjeng, Kabupaten Gresik, Jawa Timur 61172 | AH3: =IFERROR(__xludf.DUMMYFUNCTION("""COMPUTED_VALUE"""),30.0) -> 30 | AL3: =IFERROR(__xludf.DUMMYFUNCTION("""COMPUTED_VALUE"""),"2260314") -> 2260314 | AM3: =IFERROR(__xludf.DUMMYFUNCTION("""COMPUTED_VALUE"""),"0426513006") -> 0426513006 | AN3: =IFERROR(__xludf.DUMMYFUNCTION("""COMPUTED_VALUE"""),"ec231cc9") -> ec231cc9 | AO3: =IFERROR(__xludf.DUMMYFUNCTION("""COMPUTED_VALUE"""),"Bpk. Kohir (Maintenance Velg)") -> Bpk. Kohir (Maintenance Velg) | AP3: =IFERROR(__xludf.DUMMYFUNCTION("""COMPUTED_VALUE"""),46129.46581018518) -> 46129.466 | AQ3: =IFERROR(__xludf.DUMMYFUNCTION("""COMPUTED_VALUE"""),46119.0) -> 46119 | AS3: =IFERROR(__xludf.DUMMYFUNCTION("""COMPUTED_VALUE"""),"f8335a53") -> f8335a53 | AT3: =IFERROR(__xludf.DUMMYFUNCTION("""COMPUTED_VALUE"""),"CV RAGAM JAYA ENGINEERING") -> CV RAGAM JAYA ENGINEERING | AV3: =IFERROR(__xludf.DUMMYFUNCTION("""COMPUTED_VALUE"""),TRUE) -> TRUE | AW3: =IFERROR(__xludf.DUMMYFUNCTION("""COMPUTED_VALUE"""),"Jl. Balung wangon, Dadapkuning, Bulurejo, Kec. Benjeng, Kabupaten Gresik, Jawa Timur 61172") -> Jl. Balung wangon, Dadapkuning, Bulurejo, Kec. Benjeng, Kabupaten Gresik, Jawa Timur 61172 | AX3: =IFERROR(__xludf.DUMMYFUNCTION("""COMPUTED_VALUE"""),30.0) -> 30 | BB3: =IFERROR(__xludf.DUMMYFUNCTION("""COMPUTED_VALUE"""),"66af7c72") -> 66af7c72 | BC3: =IFERROR(__xludf.DUMMYFUNCTION("""COMPUTED_VALUE"""),"Argon 6m3") -> Argon 6m3 | BD3: =IFERROR(__xludf.DUMMYFUNCTION("""COMPUTED_VALUE"""),"RENT") -> RENT | BE3: =IFERROR(__xludf.DUMMYFUNCTION("""COMPUTED_VALUE"""),"MP") -> MP | BF3: =IFERROR(__xludf.DUMMYFUNCTION("""COMPUTED_VALUE"""),"Btl") -> Btl | BH3: =IFERROR(__xludf.DUMMYFUNCTION("""COMPUTED_VALUE"""),TRUE) -> TRUE
A4: =IFERROR(__xludf.DUMMYFUNCTION("""COMPUTED_VALUE"""),"75bc467e") -> 75bc467e | B4: =IFERROR(__xludf.DUMMYFUNCTION("""COMPUTED_VALUE"""),"75bc467e") -> 75bc467e | C4: =IFERROR(__xludf.DUMMYFUNCTION("""COMPUTED_VALUE"""),45530.43541666667) -> 45530.435 | D4: =IFERROR(__xludf.DUMMYFUNCTION("""COMPUTED_VALUE"""),"a9fe1bea") -> a9fe1bea | E4: =IFERROR(__xludf.DUMMYFUNCTION("""COMPUTED_VALUE"""),"H. Suheiri") -> H. Suheiri | F4: =IFERROR(__xludf.DUMMYFUNCTION("""COMPUTED_VALUE"""),"8bdbe149") -> 8bdbe149 | G4: =IFERROR(__xludf.DUMMYFUNCTION("""COMPUTED_VALUE"""),"Oksigen 6m3") -> Oksigen 6m3 | H4: =IFERROR(__xludf.DUMMYFUNCTION("""COMPUTED_VALUE"""),"IN") -> IN | I4: =IFERROR(__xludf.DUMMYFUNCTION("""COMPUTED_VALUE"""),"EMPTY") -> EMPTY | J4: =IFERROR(__xludf.DUMMYFUNCTION("""COMPUTED_VALUE"""),4.0) -> 4 | K4: =IFERROR(__xludf.DUMMYFUNCTION("""COMPUTED_VALUE"""),"1139 1113 1105 1135") -> 1139 1113 1105 1135 | Q4: =IFERROR(__xludf.DUMMYFUNCTION("""COMPUTED_VALUE"""),"75bc467e") -> 75bc467e | R4: =IFERROR(__xludf.DUMMYFUNCTION("""COMPUTED_VALUE"""),"75bc467e") -> 75bc467e | S4: =IFERROR(__xludf.DUMMYFUNCTION("""COMPUTED_VALUE"""),"a9fe1bea") -> a9fe1bea | T4: =IFERROR(__xludf.DUMMYFUNCTION("""COMPUTED_VALUE"""),"H. Suheiri") -> H. Suheiri | U4: =IFERROR(__xludf.DUMMYFUNCTION("""COMPUTED_VALUE"""),45530.43541666667) -> 45530.435 | V4: =IFERROR(__xludf.DUMMYFUNCTION("""COMPUTED_VALUE"""),"Jalan Raya Balongbendo No. 6 RT. 1 / RW. 1 Singkalan, Singkalan, Seduri, Kec. BalongBendo, Kabupaten Sidoarjo, Jawa Timur 61263") -> Jalan Raya Balongbendo No. 6 RT. 1 / RW. 1 Singkalan, Singkalan, Seduri, Kec. BalongBendo, Kabupaten Sidoarjo, Jawa Timur 61263 | W4: =IFERROR(__xludf.DUMMYFUNCTION("""COMPUTED_VALUE"""),"IN") -> IN | Z4: =IFERROR(__xludf.DUMMYFUNCTION("""COMPUTED_VALUE"""),"04261053112") -> 04261053112 | AA4: =IFERROR(__xludf.DUMMYFUNCTION("""COMPUTED_VALUE"""),"4032622925") -> 4032622925 | AC4: =IFERROR(__xludf.DUMMYFUNCTION("""COMPUTED_VALUE"""),"e86baf3b") -> e86baf3b | AD4: =IFERROR(__xludf.DUMMYFUNCTION("""COMPUTED_VALUE"""),"PT GEMILANG CIPTA WAWASAN") -> PT GEMILANG CIPTA WAWASAN | AE4: =IFERROR(__xludf.DUMMYFUNCTION("""COMPUTED_VALUE"""),"019634344015000") -> 019634344015000 | AF4: =IFERROR(__xludf.DUMMYFUNCTION("""COMPUTED_VALUE"""),TRUE) -> TRUE | AG4: =IFERROR(__xludf.DUMMYFUNCTION("""COMPUTED_VALUE"""),"JL TEBET RAYA, 2A, TEBET BARAT, TEBET, KOTA ADM, JAKARTA SELATAN, DKI JAKARTA") -> JL TEBET RAYA, 2A, TEBET BARAT, TEBET, KOTA ADM, JAKARTA SELATAN, DKI JAKARTA | AH4: =IFERROR(__xludf.DUMMYFUNCTION("""COMPUTED_VALUE"""),30.0) -> 30 | AJ4: =IFERROR(__xludf.DUMMYFUNCTION("""COMPUTED_VALUE"""),46081.60934027778) -> 46081.609 | AL4: =IFERROR(__xludf.DUMMYFUNCTION("""COMPUTED_VALUE"""),"2260314") -> 2260314 | AM4: =IFERROR(__xludf.DUMMYFUNCTION("""COMPUTED_VALUE"""),"0426523078") -> 0426523078 | AN4: =IFERROR(__xludf.DUMMYFUNCTION("""COMPUTED_VALUE"""),"ec231cc9") -> ec231cc9 | AO4: =IFERROR(__xludf.DUMMYFUNCTION("""COMPUTED_VALUE"""),"Bpk. Kohir (Maintenance Velg)") -> Bpk. Kohir (Maintenance Velg) | AP4: =IFERROR(__xludf.DUMMYFUNCTION("""COMPUTED_VALUE"""),46129.46581018518) -> 46129.466 | AQ4: =IFERROR(__xludf.DUMMYFUNCTION("""COMPUTED_VALUE"""),46126.0) -> 46126 | AS4: =IFERROR(__xludf.DUMMYFUNCTION("""COMPUTED_VALUE"""),"e86baf3b") -> e86baf3b | AT4: =IFERROR(__xludf.DUMMYFUNCTION("""COMPUTED_VALUE"""),"PT GEMILANG CIPTA WAWASAN") -> PT GEMILANG CIPTA WAWASAN | AU4: =IFERROR(__xludf.DUMMYFUNCTION("""COMPUTED_VALUE"""),"019634344015000") -> 019634344015000 | AV4: =IFERROR(__xludf.DUMMYFUNCTION("""COMPUTED_VALUE"""),TRUE) -> TRUE | AW4: =IFERROR(__xludf.DUMMYFUNCTION("""COMPUTED_VALUE"""),"JL TEBET RAYA, 2A, TEBET BARAT, TEBET, KOTA ADM, JAKARTA SELATAN, DKI JAKARTA") -> JL TEBET RAYA, 2A, TEBET BARAT, TEBET, KOTA ADM, JAKARTA SELATAN, DKI JAKARTA | AX4: =IFERROR(__xludf.DUMMYFUNCTION("""COMPUTED_VALUE"""),30.0) -> 30 | AZ4: =IFERROR(__xludf.DUMMYFUNCTION("""COMPUTED_VALUE"""),46081.60934027778) -> 46081.609 | BB4: =IFERROR(__xludf.DUMMYFUNCTION("""COMPUTED_VALUE"""),"ce3b37d3") -> ce3b37d3 | BC4: =IFERROR(__xludf.DUMMYFUNCTION("""COMPUTED_VALUE"""),"Argon MR") -> Argon MR | BD4: =IFERROR(__xludf.DUMMYFUNCTION("""COMPUTED_VALUE"""),"RENT") -> RENT | BE4: =IFERROR(__xludf.DUMMYFUNCTION("""COMPUTED_VALUE"""),"MR") -> MR | BF4: =IFERROR(__xludf.DUMMYFUNCTION("""COMPUTED_VALUE"""),"Btl") -> Btl | BH4: =IFERROR(__xludf.DUMMYFUNCTION("""COMPUTED_VALUE"""),FALSE) -> FALSE
A5: =IFERROR(__xludf.DUMMYFUNCTION("""COMPUTED_VALUE"""),"08240003") -> 08240003 | B5: =IFERROR(__xludf.DUMMYFUNCTION("""COMPUTED_VALUE"""),"08240003") -> 08240003 | C5: =IFERROR(__xludf.DUMMYFUNCTION("""COMPUTED_VALUE"""),45530.46597222222) -> 45530.466 | D5: =IFERROR(__xludf.DUMMYFUNCTION("""COMPUTED_VALUE"""),"e968afef") -> e968afef | E5: =IFERROR(__xludf.DUMMYFUNCTION("""COMPUTED_VALUE"""),"Bpk. Agus") -> Bpk. Agus | F5: =IFERROR(__xludf.DUMMYFUNCTION("""COMPUTED_VALUE"""),"be525f3b") -> be525f3b | G5: =IFERROR(__xludf.DUMMYFUNCTION("""COMPUTED_VALUE"""),"LPG 12kg") -> LPG 12kg | H5: =IFERROR(__xludf.DUMMYFUNCTION("""COMPUTED_VALUE"""),"OUT") -> OUT | I5: =IFERROR(__xludf.DUMMYFUNCTION("""COMPUTED_VALUE"""),"NORMAL") -> NORMAL | J5: =IFERROR(__xludf.DUMMYFUNCTION("""COMPUTED_VALUE"""),1.0) -> 1 | K5: =IFERROR(__xludf.DUMMYFUNCTION("""COMPUTED_VALUE"""),"L1") -> L1 | L5: =IFERROR(__xludf.DUMMYFUNCTION("""COMPUTED_VALUE"""),210000.0) -> 210000 | Q5: =IFERROR(__xludf.DUMMYFUNCTION("""COMPUTED_VALUE"""),"08240003") -> 08240003 | R5: =IFERROR(__xludf.DUMMYFUNCTION("""COMPUTED_VALUE"""),"08240003") -> 08240003 | S5: =IFERROR(__xludf.DUMMYFUNCTION("""COMPUTED_VALUE"""),"e968afef") -> e968afef | T5: =IFERROR(__xludf.DUMMYFUNCTION("""COMPUTED_VALUE"""),"Bpk. Agus") -> Bpk. Agus | U5: =IFERROR(__xludf.DUMMYFUNCTION("""COMPUTED_VALUE"""),45530.46597222222) -> 45530.466 | V5: =IFERROR(__xludf.DUMMYFUNCTION("""COMPUTED_VALUE"""),"Jl. Parengan 13, Semawut, Balongbendo, Kec. BalongBendo, Kabupaten Sidoarjo, Jawa Timur 61263") -> Jl. Parengan 13, Semawut, Balongbendo, Kec. BalongBendo, Kabupaten Sidoarjo, Jawa Timur 61263 | W5: =IFERROR(__xludf.DUMMYFUNCTION("""COMPUTED_VALUE"""),"OUT") -> OUT | Z5: =IFERROR(__xludf.DUMMYFUNCTION("""COMPUTED_VALUE"""),"042623104") -> 042623104 | AA5: =IFERROR(__xludf.DUMMYFUNCTION("""COMPUTED_VALUE"""),"4032612921") -> 4032612921 | AC5: =IFERROR(__xludf.DUMMYFUNCTION("""COMPUTED_VALUE"""),"2d88931c") -> 2d88931c | AD5: =IFERROR(__xludf.DUMMYFUNCTION("""COMPUTED_VALUE"""),"PT Dunia Berkat Marga Mulya") -> PT Dunia Berkat Marga Mulya | AE5: =IFERROR(__xludf.DUMMYFUNCTION("""COMPUTED_VALUE"""),"0763467586603000") -> 0763467586603000 | AF5: =IFERROR(__xludf.DUMMYFUNCTION("""COMPUTED_VALUE"""),TRUE) -> TRUE | AG5: =IFERROR(__xludf.DUMMYFUNCTION("""COMPUTED_VALUE"""),"JL JABARAN, WATESARI, BALONGBENDO, SIDOARJO, JAWA TIMUR") -> JL JABARAN, WATESARI, BALONGBENDO, SIDOARJO, JAWA TIMUR | AH5: =IFERROR(__xludf.DUMMYFUNCTION("""COMPUTED_VALUE"""),30.0) -> 30 | AL5: =IFERROR(__xludf.DUMMYFUNCTION("""COMPUTED_VALUE"""),"2260314") -> 2260314 | AM5: =IFERROR(__xludf.DUMMYFUNCTION("""COMPUTED_VALUE"""),"0426533113") -> 0426533113 | AN5: =IFERROR(__xludf.DUMMYFUNCTION("""COMPUTED_VALUE"""),"ec231cc9") -> ec231cc9 | AO5: =IFERROR(__xludf.DUMMYFUNCTION("""COMPUTED_VALUE"""),"Bpk. Kadir (Maintenance Velg)") -> Bpk. Kadir (Maintenance Velg) | AP5: =IFERROR(__xludf.DUMMYFUNCTION("""COMPUTED_VALUE"""),46129.46581018518) -> 46129.466 | AQ5: =IFERROR(__xludf.DUMMYFUNCTION("""COMPUTED_VALUE"""),46129.0) -> 46129 | AS5: =IFERROR(__xludf.DUMMYFUNCTION("""COMPUTED_VALUE"""),"2d88931c") -> 2d88931c | AT5: =IFERROR(__xludf.DUMMYFUNCTION("""COMPUTED_VALUE"""),"PT Dunia Berkat Marga Mulya") -> PT Dunia Berkat Marga Mulya | AU5: =IFERROR(__xludf.DUMMYFUNCTION("""COMPUTED_VALUE"""),"0763467586603000") -> 0763467586603000 | AV5: =IFERROR(__xludf.DUMMYFUNCTION("""COMPUTED_VALUE"""),TRUE) -> TRUE | AW5: =IFERROR(__xludf.DUMMYFUNCTION("""COMPUTED_VALUE"""),"JL JABARAN, WATESARI, BALONGBENDO, SIDOARJO, JAWA TIMUR") -> JL JABARAN, WATESARI, BALONGBENDO, SIDOARJO, JAWA TIMUR | AX5: =IFERROR(__xludf.DUMMYFUNCTION("""COMPUTED_VALUE"""),30.0) -> 30 | BB5: =IFERROR(__xludf.DUMMYFUNCTION("""COMPUTED_VALUE"""),"ef306e54") -> ef306e54 | BC5: =IFERROR(__xludf.DUMMYFUNCTION("""COMPUTED_VALUE"""),"Karbondioksida") -> Karbondioksida | BD5: =IFERROR(__xludf.DUMMYFUNCTION("""COMPUTED_VALUE"""),"RENT") -> RENT | BE5: =IFERROR(__xludf.DUMMYFUNCTION("""COMPUTED_VALUE"""),"MP") -> MP | BF5: =IFERROR(__xludf.DUMMYFUNCTION("""COMPUTED_VALUE"""),"Btl") -> Btl | BH5: =IFERROR(__xludf.DUMMYFUNCTION("""COMPUTED_VALUE"""),TRUE) -> TRUE
A6: =IFERROR(__xludf.DUMMYFUNCTION("""COMPUTED_VALUE"""),"08240003") -> 08240003 | B6: =IFERROR(__xludf.DUMMYFUNCTION("""COMPUTED_VALUE"""),"08240003") -> 08240003 | C6: =IFERROR(__xludf.DUMMYFUNCTION("""COMPUTED_VALUE"""),45530.507835648146) -> 45530.508 | D6: =IFERROR(__xludf.DUMMYFUNCTION("""COMPUTED_VALUE"""),"e968afef") -> e968afef | E6: =IFERROR(__xludf.DUMMYFUNCTION("""COMPUTED_VALUE"""),"Bpk. Agus") -> Bpk. Agus | F6: =IFERROR(__xludf.DUMMYFUNCTION("""COMPUTED_VALUE"""),"8bdbe149") -> 8bdbe149 | G6: =IFERROR(__xludf.DUMMYFUNCTION("""COMPUTED_VALUE"""),"Oksigen 6m3") -> Oksigen 6m3 | H6: =IFERROR(__xludf.DUMMYFUNCTION("""COMPUTED_VALUE"""),"OUT") -> OUT | I6: =IFERROR(__xludf.DUMMYFUNCTION("""COMPUTED_VALUE"""),"NORMAL") -> NORMAL | J6: =IFERROR(__xludf.DUMMYFUNCTION("""COMPUTED_VALUE"""),10.0) -> 10 | K6: =IFERROR(__xludf.DUMMYFUNCTION("""COMPUTED_VALUE"""),"1149 1147 1138 1148 1150 1146 1130 1129 1127 1101") -> 1149 1147 1138 1148 1150 1146 1130 1129 1127 1101 | L6: =IFERROR(__xludf.DUMMYFUNCTION("""COMPUTED_VALUE"""),60000.0) -> 60000 | Q6: =IFERROR(__xludf.DUMMYFUNCTION("""COMPUTED_VALUE"""),"70277243") -> 70277243 | R6: =IFERROR(__xludf.DUMMYFUNCTION("""COMPUTED_VALUE"""),"70277243") -> 70277243 | S6: =IFERROR(__xludf.DUMMYFUNCTION("""COMPUTED_VALUE"""),"e968afef") -> e968afef | T6: =IFERROR(__xludf.DUMMYFUNCTION("""COMPUTED_VALUE"""),"Bpk. Agus") -> Bpk. Agus | U6: =IFERROR(__xludf.DUMMYFUNCTION("""COMPUTED_VALUE"""),45530.61184027778) -> 45530.612 | V6: =IFERROR(__xludf.DUMMYFUNCTION("""COMPUTED_VALUE"""),"Jl. Parengan 13, Semawut, Balongbendo, Kec. BalongBendo, Kabupaten Sidoarjo, Jawa Timur 61263") -> Jl. Parengan 13, Semawut, Balongbendo, Kec. BalongBendo, Kabupaten Sidoarjo, Jawa Timur 61263 | W6: =IFERROR(__xludf.DUMMYFUNCTION("""COMPUTED_VALUE"""),"IN") -> IN | Z6: =IFERROR(__xludf.DUMMYFUNCTION("""COMPUTED_VALUE"""),"0426153103") -> 0426153103 | AA6: =IFERROR(__xludf.DUMMYFUNCTION("""COMPUTED_VALUE"""),"4032612903") -> 4032612903 | AC6: =IFERROR(__xludf.DUMMYFUNCTION("""COMPUTED_VALUE"""),"a9fe1bea") -> a9fe1bea | AD6: =IFERROR(__xludf.DUMMYFUNCTION("""COMPUTED_VALUE"""),"H. Suheiri") -> H. Suheiri | AF6: =IFERROR(__xludf.DUMMYFUNCTION("""COMPUTED_VALUE"""),FALSE) -> FALSE | AG6: =IFERROR(__xludf.DUMMYFUNCTION("""COMPUTED_VALUE"""),"Jalan Raya Balongbendo No. 6 RT. 1 / RW. 1 Singkalan, Singkalan, Seduri, Kec. BalongBendo, Kabupaten Sidoarjo, Jawa Timur 61263") -> Jalan Raya Balongbendo No. 6 RT. 1 / RW. 1 Singkalan, Singkalan, Seduri, Kec. BalongBendo, Kabupaten Sidoarjo, Jawa Timur 61263 | AH6: =IFERROR(__xludf.DUMMYFUNCTION("""COMPUTED_VALUE"""),14.0) -> 14 | AL6: =IFERROR(__xludf.DUMMYFUNCTION("""COMPUTED_VALUE"""),"2260313") -> 2260313 | AM6: =IFERROR(__xludf.DUMMYFUNCTION("""COMPUTED_VALUE"""),"0326132796") -> 0326132796 | AN6: =IFERROR(__xludf.DUMMYFUNCTION("""COMPUTED_VALUE"""),"3b04351a") -> 3b04351a | AO6: =IFERROR(__xludf.DUMMYFUNCTION("""COMPUTED_VALUE"""),"CV Usaha Logam Jaya") -> CV Usaha Logam Jaya | AP6: =IFERROR(__xludf.DUMMYFUNCTION("""COMPUTED_VALUE"""),46127.58358796296) -> 46127.584 | AQ6: =IFERROR(__xludf.DUMMYFUNCTION("""COMPUTED_VALUE"""),46090.0) -> 46090 | AS6: =IFERROR(__xludf.DUMMYFUNCTION("""COMPUTED_VALUE"""),"a9fe1bea") -> a9fe1bea | AT6: =IFERROR(__xludf.DUMMYFUNCTION("""COMPUTED_VALUE"""),"H. Suheiri") -> H. Suheiri | AV6: =IFERROR(__xludf.DUMMYFUNCTION("""COMPUTED_VALUE"""),FALSE) -> FALSE | AW6: =IFERROR(__xludf.DUMMYFUNCTION("""COMPUTED_VALUE"""),"Jalan Raya Balongbendo No. 6 RT. 1 / RW. 1 Singkalan, Singkalan, Seduri, Kec. BalongBendo, Kabupaten Sidoarjo, Jawa Timur 61263") -> Jalan Raya Balongbendo No. 6 RT. 1 / RW. 1 Singkalan, Singkalan, Seduri, Kec. BalongBendo, Kabupaten Sidoarjo, Jawa Timur 61263 | AX6: =IFERROR(__xludf.DUMMYFUNCTION("""COMPUTED_VALUE"""),14.0) -> 14 | BB6: =IFERROR(__xludf.DUMMYFUNCTION("""COMPUTED_VALUE"""),"439cf836") -> 439cf836 | BC6: =IFERROR(__xludf.DUMMYFUNCTION("""COMPUTED_VALUE"""),"Karbondioksida MR") -> Karbondioksida MR | BD6: =IFERROR(__xludf.DUMMYFUNCTION("""COMPUTED_VALUE"""),"RENT") -> RENT | BE6: =IFERROR(__xludf.DUMMYFUNCTION("""COMPUTED_VALUE"""),"MR") -> MR | BF6: =IFERROR(__xludf.DUMMYFUNCTION("""COMPUTED_VALUE"""),"Btl") -> Btl | BH6: =IFERROR(__xludf.DUMMYFUNCTION("""COMPUTED_VALUE"""),FALSE) -> FALSE
A7: =IFERROR(__xludf.DUMMYFUNCTION("""COMPUTED_VALUE"""),"70277243") -> 70277243 | B7: =IFERROR(__xludf.DUMMYFUNCTION("""COMPUTED_VALUE"""),"70277243") -> 70277243 | C7: =IFERROR(__xludf.DUMMYFUNCTION("""COMPUTED_VALUE"""),45530.61184027778) -> 45530.612 | D7: =IFERROR(__xludf.DUMMYFUNCTION("""COMPUTED_VALUE"""),"e968afef") -> e968afef | E7: =IFERROR(__xludf.DUMMYFUNCTION("""COMPUTED_VALUE"""),"Bpk. Agus") -> Bpk. Agus | F7: =IFERROR(__xludf.DUMMYFUNCTION("""COMPUTED_VALUE"""),"8bdbe149") -> 8bdbe149 | G7: =IFERROR(__xludf.DUMMYFUNCTION("""COMPUTED_VALUE"""),"Oksigen 6m3") -> Oksigen 6m3 | H7: =IFERROR(__xludf.DUMMYFUNCTION("""COMPUTED_VALUE"""),"IN") -> IN | I7: =IFERROR(__xludf.DUMMYFUNCTION("""COMPUTED_VALUE"""),"EMPTY") -> EMPTY | J7: =IFERROR(__xludf.DUMMYFUNCTION("""COMPUTED_VALUE"""),8.0) -> 8 | K7: =IFERROR(__xludf.DUMMYFUNCTION("""COMPUTED_VALUE"""),"1103 1109 1107 1115 1106 1110 1104 1102") -> 1103 1109 1107 1115 1106 1110 1104 1102 | Q7: =IFERROR(__xludf.DUMMYFUNCTION("""COMPUTED_VALUE"""),"08240004") -> 08240004 | R7: =IFERROR(__xludf.DUMMYFUNCTION("""COMPUTED_VALUE"""),"08240004") -> 08240004 | S7: =IFERROR(__xludf.DUMMYFUNCTION("""COMPUTED_VALUE"""),"f8335a53") -> f8335a53 | T7: =IFERROR(__xludf.DUMMYFUNCTION("""COMPUTED_VALUE"""),"CV RAGAM JAYA ENGINEERING") -> CV RAGAM JAYA ENGINEERING | U7: =IFERROR(__xludf.DUMMYFUNCTION("""COMPUTED_VALUE"""),45532.53774305555) -> 45532.538 | V7: =IFERROR(__xludf.DUMMYFUNCTION("""COMPUTED_VALUE"""),"Jl. Balung wangon, Dadapkuning, Bulurejo, Kec. Benjeng, Kabupaten Gresik, Jawa Timur 61172") -> Jl. Balung wangon, Dadapkuning, Bulurejo, Kec. Benjeng, Kabupaten Gresik, Jawa Timur 61172 | W7: =IFERROR(__xludf.DUMMYFUNCTION("""COMPUTED_VALUE"""),"OUT") -> OUT | Z7: =IFERROR(__xludf.DUMMYFUNCTION("""COMPUTED_VALUE"""),"0426293102") -> 0426293102 | AA7: =IFERROR(__xludf.DUMMYFUNCTION("""COMPUTED_VALUE"""),"4032612855") -> 4032612855 | AC7: =IFERROR(__xludf.DUMMYFUNCTION("""COMPUTED_VALUE"""),"e968afef") -> e968afef | AD7: =IFERROR(__xludf.DUMMYFUNCTION("""COMPUTED_VALUE"""),"Bpk. Agus") -> Bpk. Agus | AF7: =IFERROR(__xludf.DUMMYFUNCTION("""COMPUTED_VALUE"""),FALSE) -> FALSE | AG7: =IFERROR(__xludf.DUMMYFUNCTION("""COMPUTED_VALUE"""),"Jl. Parengan 13, Semawut, Balongbendo, Kec. BalongBendo, Kabupaten Sidoarjo, Jawa Timur 61263") -> Jl. Parengan 13, Semawut, Balongbendo, Kec. BalongBendo, Kabupaten Sidoarjo, Jawa Timur 61263 | AH7: =IFERROR(__xludf.DUMMYFUNCTION("""COMPUTED_VALUE"""),14.0) -> 14 | AL7: =IFERROR(__xludf.DUMMYFUNCTION("""COMPUTED_VALUE"""),"2260311") -> 2260311 | AM7: =IFERROR(__xludf.DUMMYFUNCTION("""COMPUTED_VALUE"""),"0326162923") -> 0326162923 | AN7: =IFERROR(__xludf.DUMMYFUNCTION("""COMPUTED_VALUE"""),"ba97d58d") -> ba97d58d | AO7: =IFERROR(__xludf.DUMMYFUNCTION("""COMPUTED_VALUE"""),"Bengkel Citra Mojosari") -> Bengkel Citra Mojosari | AP7: =IFERROR(__xludf.DUMMYFUNCTION("""COMPUTED_VALUE"""),46123.585115740745) -> 46123.585 | AQ7: =IFERROR(__xludf.DUMMYFUNCTION("""COMPUTED_VALUE"""),46112.0) -> 46112 | AS7: =IFERROR(__xludf.DUMMYFUNCTION("""COMPUTED_VALUE"""),"e968afef") -> e968afef | AT7: =IFERROR(__xludf.DUMMYFUNCTION("""COMPUTED_VALUE"""),"Bpk. Agus") -> Bpk. Agus | AV7: =IFERROR(__xludf.DUMMYFUNCTION("""COMPUTED_VALUE"""),FALSE) -> FALSE | AW7: =IFERROR(__xludf.DUMMYFUNCTION("""COMPUTED_VALUE"""),"Jl. Parengan 13, Semawut, Balongbendo, Kec. BalongBendo, Kabupaten Sidoarjo, Jawa Timur 61263") -> Jl. Parengan 13, Semawut, Balongbendo, Kec. BalongBendo, Kabupaten Sidoarjo, Jawa Timur 61263 | AX7: =IFERROR(__xludf.DUMMYFUNCTION("""COMPUTED_VALUE"""),14.0) -> 14 | BB7: =IFERROR(__xludf.DUMMYFUNCTION("""COMPUTED_VALUE"""),"be525f3b") -> be525f3b | BC7: =IFERROR(__xludf.DUMMYFUNCTION("""COMPUTED_VALUE"""),"LPG 12kg") -> LPG 12kg | BD7: =IFERROR(__xludf.DUMMYFUNCTION("""COMPUTED_VALUE"""),"RENT") -> RENT | BE7: =IFERROR(__xludf.DUMMYFUNCTION("""COMPUTED_VALUE"""),"MP") -> MP | BF7: =IFERROR(__xludf.DUMMYFUNCTION("""COMPUTED_VALUE"""),"Btl") -> Btl | BH7: =IFERROR(__xludf.DUMMYFUNCTION("""COMPUTED_VALUE"""),FALSE) -> FALSE
A8: =IFERROR(__xludf.DUMMYFUNCTION("""COMPUTED_VALUE"""),"08240004") -> 08240004 | B8: =IFERROR(__xludf.DUMMYFUNCTION("""COMPUTED_VALUE"""),"08240004") -> 08240004 | C8: =IFERROR(__xludf.DUMMYFUNCTION("""COMPUTED_VALUE"""),45532.53774305555) -> 45532.538 | D8: =IFERROR(__xludf.DUMMYFUNCTION("""COMPUTED_VALUE"""),"f8335a53") -> f8335a53 | E8: =IFERROR(__xludf.DUMMYFUNCTION("""COMPUTED_VALUE"""),"CV RAGAM JAYA ENGINEERING") -> CV RAGAM JAYA ENGINEERING | F8: =IFERROR(__xludf.DUMMYFUNCTION("""COMPUTED_VALUE"""),"8bdbe149") -> 8bdbe149 | G8: =IFERROR(__xludf.DUMMYFUNCTION("""COMPUTED_VALUE"""),"Oksigen 6m3") -> Oksigen 6m3 | H8: =IFERROR(__xludf.DUMMYFUNCTION("""COMPUTED_VALUE"""),"OUT") -> OUT | I8: =IFERROR(__xludf.DUMMYFUNCTION("""COMPUTED_VALUE"""),"NORMAL") -> NORMAL | J8: =IFERROR(__xludf.DUMMYFUNCTION("""COMPUTED_VALUE"""),20.0) -> 20 | K8: =IFERROR(__xludf.DUMMYFUNCTION("""COMPUTED_VALUE"""),"1112 1117 1122 1120 1121 1119 1128 1126 1131 1116 1107 1115 1110 1102 1135 1105 1104 1113 1103 1106") -> 1112 1117 1122 1120 1121 1119 1128 1126 1131 1116 1107 1115 1110 1102 1135 1105 1104 1113 1103 1106 | L8: =IFERROR(__xludf.DUMMYFUNCTION("""COMPUTED_VALUE"""),60000.0) -> 60000 | Q8: =IFERROR(__xludf.DUMMYFUNCTION("""COMPUTED_VALUE"""),"9a09a5f8") -> 9a09a5f8 | R8: =IFERROR(__xludf.DUMMYFUNCTION("""COMPUTED_VALUE"""),"9a09a5f8") -> 9a09a5f8 | S8: =IFERROR(__xludf.DUMMYFUNCTION("""COMPUTED_VALUE"""),"a9fe1bea") -> a9fe1bea | T8: =IFERROR(__xludf.DUMMYFUNCTION("""COMPUTED_VALUE"""),"H. Suheiri") -> H. Suheiri | U8: =IFERROR(__xludf.DUMMYFUNCTION("""COMPUTED_VALUE"""),45533.55625) -> 45533.556 | V8: =IFERROR(__xludf.DUMMYFUNCTION("""COMPUTED_VALUE"""),"Jalan Raya Balongbendo No. 6 RT. 1 / RW. 1 Singkalan, Singkalan, Seduri, Kec. BalongBendo, Kabupaten Sidoarjo, Jawa Timur 61263") -> Jalan Raya Balongbendo No. 6 RT. 1 / RW. 1 Singkalan, Singkalan, Seduri, Kec. BalongBendo, Kabupaten Sidoarjo, Jawa Timur 61263 | W8: =IFERROR(__xludf.DUMMYFUNCTION("""COMPUTED_VALUE"""),"IN") -> IN | Z8: =IFERROR(__xludf.DUMMYFUNCTION("""COMPUTED_VALUE"""),"0426163101") -> 0426163101 | AA8: =IFERROR(__xludf.DUMMYFUNCTION("""COMPUTED_VALUE"""),"4032612837") -> 4032612837 | AC8: =IFERROR(__xludf.DUMMYFUNCTION("""COMPUTED_VALUE"""),"dc7f01b2") -> dc7f01b2 | AD8: =IFERROR(__xludf.DUMMYFUNCTION("""COMPUTED_VALUE"""),"Tiga Putra") -> Tiga Putra | AF8: =IFERROR(__xludf.DUMMYFUNCTION("""COMPUTED_VALUE"""),TRUE) -> TRUE | AH8: =IFERROR(__xludf.DUMMYFUNCTION("""COMPUTED_VALUE"""),14.0) -> 14 | AL8: =IFERROR(__xludf.DUMMYFUNCTION("""COMPUTED_VALUE"""),"2260311") -> 2260311 | AM8: =IFERROR(__xludf.DUMMYFUNCTION("""COMPUTED_VALUE"""),"0426172989") -> 0426172989 | AN8: =IFERROR(__xludf.DUMMYFUNCTION("""COMPUTED_VALUE"""),"ba97d58d") -> ba97d58d | AO8: =IFERROR(__xludf.DUMMYFUNCTION("""COMPUTED_VALUE"""),"Bengkel Citra Mojosari") -> Bengkel Citra Mojosari | AP8: =IFERROR(__xludf.DUMMYFUNCTION("""COMPUTED_VALUE"""),46123.585115740745) -> 46123.585 | AQ8: =IFERROR(__xludf.DUMMYFUNCTION("""COMPUTED_VALUE"""),46118.0) -> 46118 | AS8: =IFERROR(__xludf.DUMMYFUNCTION("""COMPUTED_VALUE"""),"dc7f01b2") -> dc7f01b2 | AT8: =IFERROR(__xludf.DUMMYFUNCTION("""COMPUTED_VALUE"""),"Tiga Putra") -> Tiga Putra | AV8: =IFERROR(__xludf.DUMMYFUNCTION("""COMPUTED_VALUE"""),TRUE) -> TRUE | AX8: =IFERROR(__xludf.DUMMYFUNCTION("""COMPUTED_VALUE"""),14.0) -> 14 | BB8: =IFERROR(__xludf.DUMMYFUNCTION("""COMPUTED_VALUE"""),"b7a8fff1") -> b7a8fff1 | BC8: =IFERROR(__xludf.DUMMYFUNCTION("""COMPUTED_VALUE"""),"LPG 50kg") -> LPG 50kg | BD8: =IFERROR(__xludf.DUMMYFUNCTION("""COMPUTED_VALUE"""),"RENT") -> RENT | BE8: =IFERROR(__xludf.DUMMYFUNCTION("""COMPUTED_VALUE"""),"MP") -> MP | BF8: =IFERROR(__xludf.DUMMYFUNCTION("""COMPUTED_VALUE"""),"Btl") -> Btl | BH8: =IFERROR(__xludf.DUMMYFUNCTION("""COMPUTED_VALUE"""),FALSE) -> FALSE
A9: =IFERROR(__xludf.DUMMYFUNCTION("""COMPUTED_VALUE"""),"9a09a5f8") -> 9a09a5f8 | B9: =IFERROR(__xludf.DUMMYFUNCTION("""COMPUTED_VALUE"""),"9a09a5f8") -> 9a09a5f8 | C9: =IFERROR(__xludf.DUMMYFUNCTION("""COMPUTED_VALUE"""),45533.55625) -> 45533.556 | D9: =IFERROR(__xludf.DUMMYFUNCTION("""COMPUTED_VALUE"""),"a9fe1bea") -> a9fe1bea | E9: =IFERROR(__xludf.DUMMYFUNCTION("""COMPUTED_VALUE"""),"H. Suheiri") -> H. Suheiri | F9: =IFERROR(__xludf.DUMMYFUNCTION("""COMPUTED_VALUE"""),"8bdbe149") -> 8bdbe149 | G9: =IFERROR(__xludf.DUMMYFUNCTION("""COMPUTED_VALUE"""),"Oksigen 6m3") -> Oksigen 6m3 | H9: =IFERROR(__xludf.DUMMYFUNCTION("""COMPUTED_VALUE"""),"IN") -> IN | I9: =IFERROR(__xludf.DUMMYFUNCTION("""COMPUTED_VALUE"""),"EMPTY") -> EMPTY | J9: =IFERROR(__xludf.DUMMYFUNCTION("""COMPUTED_VALUE"""),7.0) -> 7 | K9: =IFERROR(__xludf.DUMMYFUNCTION("""COMPUTED_VALUE"""),"1141 1142 1133 1134 1145 1136 1143") -> 1141 1142 1133 1134 1145 1136 1143 | Q9: =IFERROR(__xludf.DUMMYFUNCTION("""COMPUTED_VALUE"""),"510c4110") -> 510c4110 | R9: =IFERROR(__xludf.DUMMYFUNCTION("""COMPUTED_VALUE"""),"510c4110") -> 510c4110 | S9: =IFERROR(__xludf.DUMMYFUNCTION("""COMPUTED_VALUE"""),"e968afef") -> e968afef | T9: =IFERROR(__xludf.DUMMYFUNCTION("""COMPUTED_VALUE"""),"Bpk. Agus") -> Bpk. Agus | U9: =IFERROR(__xludf.DUMMYFUNCTION("""COMPUTED_VALUE"""),45534.42708333333) -> 45534.427 | V9: =IFERROR(__xludf.DUMMYFUNCTION("""COMPUTED_VALUE"""),"Jl. Parengan 13, Semawut, Balongbendo, Kec. BalongBendo, Kabupaten Sidoarjo, Jawa Timur 61263") -> Jl. Parengan 13, Semawut, Balongbendo, Kec. BalongBendo, Kabupaten Sidoarjo, Jawa Timur 61263 | W9: =IFERROR(__xludf.DUMMYFUNCTION("""COMPUTED_VALUE"""),"IN") -> IN | Z9: =IFERROR(__xludf.DUMMYFUNCTION("""COMPUTED_VALUE"""),"0426443100") -> 0426443100 | AA9: =IFERROR(__xludf.DUMMYFUNCTION("""COMPUTED_VALUE"""),"4032612766") -> 4032612766 | AC9: =IFERROR(__xludf.DUMMYFUNCTION("""COMPUTED_VALUE"""),"cef243cf") -> cef243cf | AD9: =IFERROR(__xludf.DUMMYFUNCTION("""COMPUTED_VALUE"""),"Bpk. Supri") -> Bpk. Supri | AF9: =IFERROR(__xludf.DUMMYFUNCTION("""COMPUTED_VALUE"""),TRUE) -> TRUE | AH9: =IFERROR(__xludf.DUMMYFUNCTION("""COMPUTED_VALUE"""),14.0) -> 14 | AL9: =IFERROR(__xludf.DUMMYFUNCTION("""COMPUTED_VALUE"""),"2260309") -> 2260309 | AM9: =IFERROR(__xludf.DUMMYFUNCTION("""COMPUTED_VALUE"""),"0426163036") -> 0426163036 | AN9: =IFERROR(__xludf.DUMMYFUNCTION("""COMPUTED_VALUE"""),"03ff52db") -> 03ff52db | AO9: =IFERROR(__xludf.DUMMYFUNCTION("""COMPUTED_VALUE"""),"Aneka Teknik Logam") -> Aneka Teknik Logam | AP9: =IFERROR(__xludf.DUMMYFUNCTION("""COMPUTED_VALUE"""),46123.537268518514) -> 46123.537 | AQ9: =IFERROR(__xludf.DUMMYFUNCTION("""COMPUTED_VALUE"""),46121.0) -> 46121 | AS9: =IFERROR(__xludf.DUMMYFUNCTION("""COMPUTED_VALUE"""),"cef243cf") -> cef243cf | AT9: =IFERROR(__xludf.DUMMYFUNCTION("""COMPUTED_VALUE"""),"Bpk. Supri") -> Bpk. Supri | AV9: =IFERROR(__xludf.DUMMYFUNCTION("""COMPUTED_VALUE"""),TRUE) -> TRUE | AX9: =IFERROR(__xludf.DUMMYFUNCTION("""COMPUTED_VALUE"""),14.0) -> 14 | BB9: =IFERROR(__xludf.DUMMYFUNCTION("""COMPUTED_VALUE"""),"e8544a46") -> e8544a46 | BC9: =IFERROR(__xludf.DUMMYFUNCTION("""COMPUTED_VALUE"""),"Oksigen 1m3") -> Oksigen 1m3 | BD9: =IFERROR(__xludf.DUMMYFUNCTION("""COMPUTED_VALUE"""),"RENT") -> RENT | BE9: =IFERROR(__xludf.DUMMYFUNCTION("""COMPUTED_VALUE"""),"MP") -> MP | BF9: =IFERROR(__xludf.DUMMYFUNCTION("""COMPUTED_VALUE"""),"Btl") -> Btl | BH9: =IFERROR(__xludf.DUMMYFUNCTION("""COMPUTED_VALUE"""),TRUE) -> TRUE
A10: =IFERROR(__xludf.DUMMYFUNCTION("""COMPUTED_VALUE"""),"510c4110") -> 510c4110 | B10: =IFERROR(__xludf.DUMMYFUNCTION("""COMPUTED_VALUE"""),"510c4110") -> 510c4110 | C10: =IFERROR(__xludf.DUMMYFUNCTION("""COMPUTED_VALUE"""),45534.427083333336) -> 45534.427 | D10: =IFERROR(__xludf.DUMMYFUNCTION("""COMPUTED_VALUE"""),"e968afef") -> e968afef | E10: =IFERROR(__xludf.DUMMYFUNCTION("""COMPUTED_VALUE"""),"Bpk. Agus") -> Bpk. Agus | F10: =IFERROR(__xludf.DUMMYFUNCTION("""COMPUTED_VALUE"""),"8bdbe149") -> 8bdbe149 | G10: =IFERROR(__xludf.DUMMYFUNCTION("""COMPUTED_VALUE"""),"Oksigen 6m3") -> Oksigen 6m3 | H10: =IFERROR(__xludf.DUMMYFUNCTION("""COMPUTED_VALUE"""),"IN") -> IN | I10: =IFERROR(__xludf.DUMMYFUNCTION("""COMPUTED_VALUE"""),"EMPTY") -> EMPTY | J10: =IFERROR(__xludf.DUMMYFUNCTION("""COMPUTED_VALUE"""),10.0) -> 10 | K10: =IFERROR(__xludf.DUMMYFUNCTION("""COMPUTED_VALUE"""),"1136 1141 1133 1138 1149 1143 1145 1142 1134 1129") -> 1136 1141 1133 1138 1149 1143 1145 1142 1134 1129 | Q10: =IFERROR(__xludf.DUMMYFUNCTION("""COMPUTED_VALUE"""),"08240007") -> 08240007 | R10: =IFERROR(__xludf.DUMMYFUNCTION("""COMPUTED_VALUE"""),"08240007") -> 08240007 | S10: =IFERROR(__xludf.DUMMYFUNCTION("""COMPUTED_VALUE"""),"cef243cf") -> cef243cf | T10: =IFERROR(__xludf.DUMMYFUNCTION("""COMPUTED_VALUE"""),"Bpk. Supri") -> Bpk. Supri | U10: =IFERROR(__xludf.DUMMYFUNCTION("""COMPUTED_VALUE"""),45535.41667824074) -> 45535.417 | W10: =IFERROR(__xludf.DUMMYFUNCTION("""COMPUTED_VALUE"""),"OUT") -> OUT | Z10: =IFERROR(__xludf.DUMMYFUNCTION("""COMPUTED_VALUE"""),"0426133099") -> 0426133099 | AA10: =IFERROR(__xludf.DUMMYFUNCTION("""COMPUTED_VALUE"""),"0326132765") -> 0326132765 | AC10: =IFERROR(__xludf.DUMMYFUNCTION("""COMPUTED_VALUE"""),"f01dab70") -> f01dab70 | AD10: =IFERROR(__xludf.DUMMYFUNCTION("""COMPUTED_VALUE"""),"Bpk. Yudi") -> Bpk. Yudi | AF10: =IFERROR(__xludf.DUMMYFUNCTION("""COMPUTED_VALUE"""),TRUE) -> TRUE | AG10: =IFERROR(__xludf.DUMMYFUNCTION("""COMPUTED_VALUE"""),"Bandilan, Simogirang, Kec. Prambon, Kabupaten Sidoarjo, Jawa Timur 61264") -> Bandilan, Simogirang, Kec. Prambon, Kabupaten Sidoarjo, Jawa Timur 61264 | AH10: =IFERROR(__xludf.DUMMYFUNCTION("""COMPUTED_VALUE"""),14.0) -> 14 | AL10: =IFERROR(__xludf.DUMMYFUNCTION("""COMPUTED_VALUE"""),"2260308") -> 2260308 | AM10: =IFERROR(__xludf.DUMMYFUNCTION("""COMPUTED_VALUE"""),"0426153019") -> 0426153019 | AN10: =IFERROR(__xludf.DUMMYFUNCTION("""COMPUTED_VALUE"""),"03ff52db") -> 03ff52db | AO10: =IFERROR(__xludf.DUMMYFUNCTION("""COMPUTED_VALUE"""),"Aneka Teknik Logam") -> Aneka Teknik Logam | AP10: =IFERROR(__xludf.DUMMYFUNCTION("""COMPUTED_VALUE"""),46123.53722222222) -> 46123.537 | AQ10: =IFERROR(__xludf.DUMMYFUNCTION("""COMPUTED_VALUE"""),46120.0) -> 46120 | AS10: =IFERROR(__xludf.DUMMYFUNCTION("""COMPUTED_VALUE"""),"f01dab70") -> f01dab70 | AT10: =IFERROR(__xludf.DUMMYFUNCTION("""COMPUTED_VALUE"""),"Bpk. Yudi") -> Bpk. Yudi | AV10: =IFERROR(__xludf.DUMMYFUNCTION("""COMPUTED_VALUE"""),TRUE) -> TRUE | AW10: =IFERROR(__xludf.DUMMYFUNCTION("""COMPUTED_VALUE"""),"Bandilan, Simogirang, Kec. Prambon, Kabupaten Sidoarjo, Jawa Timur 61264") -> Bandilan, Simogirang, Kec. Prambon, Kabupaten Sidoarjo, Jawa Timur 61264 | AX10: =IFERROR(__xludf.DUMMYFUNCTION("""COMPUTED_VALUE"""),14.0) -> 14 | BB10: =IFERROR(__xludf.DUMMYFUNCTION("""COMPUTED_VALUE"""),"2690846b") -> 2690846b | BC10: =IFERROR(__xludf.DUMMYFUNCTION("""COMPUTED_VALUE"""),"Oksigen 1m3 MR") -> Oksigen 1m3 MR | BD10: =IFERROR(__xludf.DUMMYFUNCTION("""COMPUTED_VALUE"""),"RENT") -> RENT | BE10: =IFERROR(__xludf.DUMMYFUNCTION("""COMPUTED_VALUE"""),"MR") -> MR | BF10: =IFERROR(__xludf.DUMMYFUNCTION("""COMPUTED_VALUE"""),"Btl") -> Btl | BH10: =IFERROR(__xludf.DUMMYFUNCTION("""COMPUTED_VALUE"""),FALSE) -> FALSE
A11: =IFERROR(__xludf.DUMMYFUNCTION("""COMPUTED_VALUE"""),"08240006") -> 08240006 | B11: =IFERROR(__xludf.DUMMYFUNCTION("""COMPUTED_VALUE"""),"08240006") -> 08240006 | C11: =IFERROR(__xludf.DUMMYFUNCTION("""COMPUTED_VALUE"""),45534.46622685185) -> 45534.466 | D11: =IFERROR(__xludf.DUMMYFUNCTION("""COMPUTED_VALUE"""),"e968afef") -> e968afef | E11: =IFERROR(__xludf.DUMMYFUNCTION("""COMPUTED_VALUE"""),"Bpk. Agus") -> Bpk. Agus | F11: =IFERROR(__xludf.DUMMYFUNCTION("""COMPUTED_VALUE"""),"8bdbe149") -> 8bdbe149 | G11: =IFERROR(__xludf.DUMMYFUNCTION("""COMPUTED_VALUE"""),"Oksigen 6m3") -> Oksigen 6m3 | H11: =IFERROR(__xludf.DUMMYFUNCTION("""COMPUTED_VALUE"""),"OUT") -> OUT | I11: =IFERROR(__xludf.DUMMYFUNCTION("""COMPUTED_VALUE"""),"NORMAL") -> NORMAL | J11: =IFERROR(__xludf.DUMMYFUNCTION("""COMPUTED_VALUE"""),10.0) -> 10 | K11: =IFERROR(__xludf.DUMMYFUNCTION("""COMPUTED_VALUE"""),"1143 1133 1141 1136 1145 1142 1134 1129 1149 1138") -> 1143 1133 1141 1136 1145 1142 1134 1129 1149 1138 | L11: =IFERROR(__xludf.DUMMYFUNCTION("""COMPUTED_VALUE"""),60000.0) -> 60000 | Q11: =IFERROR(__xludf.DUMMYFUNCTION("""COMPUTED_VALUE"""),"d45c4466") -> d45c4466 | R11: =IFERROR(__xludf.DUMMYFUNCTION("""COMPUTED_VALUE"""),"d45c4466") -> d45c4466 | S11: =IFERROR(__xludf.DUMMYFUNCTION("""COMPUTED_VALUE"""),"a9fe1bea") -> a9fe1bea | T11: =IFERROR(__xludf.DUMMYFUNCTION("""COMPUTED_VALUE"""),"H. Suheiri") -> H. Suheiri | U11: =IFERROR(__xludf.DUMMYFUNCTION("""COMPUTED_VALUE"""),45537.46388888889) -> 45537.464 | V11: =IFERROR(__xludf.DUMMYFUNCTION("""COMPUTED_VALUE"""),"Jalan Raya Balongbendo No. 6 RT. 1 / RW. 1 Singkalan, Singkalan, Seduri, Kec. BalongBendo, Kabupaten Sidoarjo, Jawa Timur 61263") -> Jalan Raya Balongbendo No. 6 RT. 1 / RW. 1 Singkalan, Singkalan, Seduri, Kec. BalongBendo, Kabupaten Sidoarjo, Jawa Timur 61263 | W11: =IFERROR(__xludf.DUMMYFUNCTION("""COMPUTED_VALUE"""),"IN") -> IN | Z11: =IFERROR(__xludf.DUMMYFUNCTION("""COMPUTED_VALUE"""),"042673090") -> 042673090 | AA11: =IFERROR(__xludf.DUMMYFUNCTION("""COMPUTED_VALUE"""),"4022632301") -> 4022632301 | AC11: =IFERROR(__xludf.DUMMYFUNCTION("""COMPUTED_VALUE"""),"8ec7a1d6") -> 8ec7a1d6 | AD11: =IFERROR(__xludf.DUMMYFUNCTION("""COMPUTED_VALUE"""),"CV Bumi Anugerah Sentosa") -> CV Bumi Anugerah Sentosa | AF11: =IFERROR(__xludf.DUMMYFUNCTION("""COMPUTED_VALUE"""),TRUE) -> TRUE | AG11: =IFERROR(__xludf.DUMMYFUNCTION("""COMPUTED_VALUE"""),"Sumber Kembar 007/008, Wonodadi, Kec. Kutorejo, Kabupaten Mojokerto, Jawa Timur, Indonesia") -> Sumber Kembar 007/008, Wonodadi, Kec. Kutorejo, Kabupaten Mojokerto, Jawa Timur, Indonesia | AL11: =IFERROR(__xludf.DUMMYFUNCTION("""COMPUTED_VALUE"""),"2260307") -> 2260307 | AM11: =IFERROR(__xludf.DUMMYFUNCTION("""COMPUTED_VALUE"""),"0426142947") -> 0426142947 | AN11: =IFERROR(__xludf.DUMMYFUNCTION("""COMPUTED_VALUE"""),"03ff52db") -> 03ff52db | AO11: =IFERROR(__xludf.DUMMYFUNCTION("""COMPUTED_VALUE"""),"Aneka Teknik Logam") -> Aneka Teknik Logam | AP11: =IFERROR(__xludf.DUMMYFUNCTION("""COMPUTED_VALUE"""),46123.53716435185) -> 46123.537 | AQ11: =IFERROR(__xludf.DUMMYFUNCTION("""COMPUTED_VALUE"""),46113.0) -> 46113 | AS11: =IFERROR(__xludf.DUMMYFUNCTION("""COMPUTED_VALUE"""),"8ec7a1d6") -> 8ec7a1d6 | AT11: =IFERROR(__xludf.DUMMYFUNCTION("""COMPUTED_VALUE"""),"CV Bumi Anugerah Sentosa") -> CV Bumi Anugerah Sentosa | AV11: =IFERROR(__xludf.DUMMYFUNCTION("""COMPUTED_VALUE"""),TRUE) -> TRUE | AW11: =IFERROR(__xludf.DUMMYFUNCTION("""COMPUTED_VALUE"""),"Sumber Kembar 007/008, Wonodadi, Kec. Kutorejo, Kabupaten Mojokerto, Jawa Timur, Indonesia") -> Sumber Kembar 007/008, Wonodadi, Kec. Kutorejo, Kabupaten Mojokerto, Jawa Timur, Indonesia | BB11: =IFERROR(__xludf.DUMMYFUNCTION("""COMPUTED_VALUE"""),"8bdbe149") -> 8bdbe149 | BC11: =IFERROR(__xludf.DUMMYFUNCTION("""COMPUTED_VALUE"""),"Oksigen 6m3") -> Oksigen 6m3 | BD11: =IFERROR(__xludf.DUMMYFUNCTION("""COMPUTED_VALUE"""),"RENT") -> RENT | BE11: =IFERROR(__xludf.DUMMYFUNCTION("""COMPUTED_VALUE"""),"MP") -> MP | BF11: =IFERROR(__xludf.DUMMYFUNCTION("""COMPUTED_VALUE"""),"Btl") -> Btl | BH11: =IFERROR(__xludf.DUMMYFUNCTION("""COMPUTED_VALUE"""),TRUE) -> TRUE
A12: =IFERROR(__xludf.DUMMYFUNCTION("""COMPUTED_VALUE"""),"08240007") -> 08240007 | B12: =IFERROR(__xludf.DUMMYFUNCTION("""COMPUTED_VALUE"""),"08240007") -> 08240007 | C12: =IFERROR(__xludf.DUMMYFUNCTION("""COMPUTED_VALUE"""),45535.41667824074) -> 45535.417 | D12: =IFERROR(__xludf.DUMMYFUNCTION("""COMPUTED_VALUE"""),"cef243cf") -> cef243cf | E12: =IFERROR(__xludf.DUMMYFUNCTION("""COMPUTED_VALUE"""),"Bpk. Supri") -> Bpk. Supri | F12: =IFERROR(__xludf.DUMMYFUNCTION("""COMPUTED_VALUE"""),"8bdbe149") -> 8bdbe149 | G12: =IFERROR(__xludf.DUMMYFUNCTION("""COMPUTED_VALUE"""),"Oksigen 6m3") -> Oksigen 6m3 | H12: =IFERROR(__xludf.DUMMYFUNCTION("""COMPUTED_VALUE"""),"OUT") -> OUT | I12: =IFERROR(__xludf.DUMMYFUNCTION("""COMPUTED_VALUE"""),"NORMAL") -> NORMAL | J12: =IFERROR(__xludf.DUMMYFUNCTION("""COMPUTED_VALUE"""),1.0) -> 1 | K12: =IFERROR(__xludf.DUMMYFUNCTION("""COMPUTED_VALUE"""),"1109") -> 1109 | L12: =IFERROR(__xludf.DUMMYFUNCTION("""COMPUTED_VALUE"""),"#N/A") -> #N/A | Q12: =IFERROR(__xludf.DUMMYFUNCTION("""COMPUTED_VALUE"""),"2fb3243c") -> 2fb3243c | R12: =IFERROR(__xludf.DUMMYFUNCTION("""COMPUTED_VALUE"""),"2fb3243c") -> 2fb3243c | S12: =IFERROR(__xludf.DUMMYFUNCTION("""COMPUTED_VALUE"""),"e968afef") -> e968afef | T12: =IFERROR(__xludf.DUMMYFUNCTION("""COMPUTED_VALUE"""),"Bpk. Agus") -> Bpk. Agus | U12: =IFERROR(__xludf.DUMMYFUNCTION("""COMPUTED_VALUE"""),45537.464583333334) -> 45537.465 | V12: =IFERROR(__xludf.DUMMYFUNCTION("""COMPUTED_VALUE"""),"Jl. Parengan 13, Semawut, Balongbendo, Kec. BalongBendo, Kabupaten Sidoarjo, Jawa Timur 61263") -> Jl. Parengan 13, Semawut, Balongbendo, Kec. BalongBendo, Kabupaten Sidoarjo, Jawa Timur 61263 | W12: =IFERROR(__xludf.DUMMYFUNCTION("""COMPUTED_VALUE"""),"IN") -> IN | Z12: =IFERROR(__xludf.DUMMYFUNCTION("""COMPUTED_VALUE"""),"042683089") -> 042683089 | AA12: =IFERROR(__xludf.DUMMYFUNCTION("""COMPUTED_VALUE"""),"4012612285") -> 4012612285 | AC12: =IFERROR(__xludf.DUMMYFUNCTION("""COMPUTED_VALUE"""),"17af2683") -> 17af2683 | AD12: =IFERROR(__xludf.DUMMYFUNCTION("""COMPUTED_VALUE"""),"H. Fatoni") -> H. Fatoni | AF12: =IFERROR(__xludf.DUMMYFUNCTION("""COMPUTED_VALUE"""),TRUE) -> TRUE | AG12: =IFERROR(__xludf.DUMMYFUNCTION("""COMPUTED_VALUE"""),"Watesari 015/003, Watesari, Balongbendo, Sidoarjo, Jawa Timur") -> Watesari 015/003, Watesari, Balongbendo, Sidoarjo, Jawa Timur | AH12: =IFERROR(__xludf.DUMMYFUNCTION("""COMPUTED_VALUE"""),14.0) -> 14 | AL12: =IFERROR(__xludf.DUMMYFUNCTION("""COMPUTED_VALUE"""),"2260306") -> 2260306 | AM12: =IFERROR(__xludf.DUMMYFUNCTION("""COMPUTED_VALUE"""),"0426792948") -> 0426792948 | AN12: =IFERROR(__xludf.DUMMYFUNCTION("""COMPUTED_VALUE"""),"e86baf3b") -> e86baf3b | AO12: =IFERROR(__xludf.DUMMYFUNCTION("""COMPUTED_VALUE"""),"PT GEMILANG CIPTA WAWASAN") -> PT GEMILANG CIPTA WAWASAN | AP12: =IFERROR(__xludf.DUMMYFUNCTION("""COMPUTED_VALUE"""),46123.535729166666) -> 46123.536 | AQ12: =IFERROR(__xludf.DUMMYFUNCTION("""COMPUTED_VALUE"""),46113.0) -> 46113 | AS12: =IFERROR(__xludf.DUMMYFUNCTION("""COMPUTED_VALUE"""),"17af2683") -> 17af2683 | AT12: =IFERROR(__xludf.DUMMYFUNCTION("""COMPUTED_VALUE"""),"H. Fatoni") -> H. Fatoni | AV12: =IFERROR(__xludf.DUMMYFUNCTION("""COMPUTED_VALUE"""),TRUE) -> TRUE | AW12: =IFERROR(__xludf.DUMMYFUNCTION("""COMPUTED_VALUE"""),"Watesari 015/003, Watesari, Balongbendo, Sidoarjo, Jawa Timur") -> Watesari 015/003, Watesari, Balongbendo, Sidoarjo, Jawa Timur | AX12: =IFERROR(__xludf.DUMMYFUNCTION("""COMPUTED_VALUE"""),14.0) -> 14 | BB12: =IFERROR(__xludf.DUMMYFUNCTION("""COMPUTED_VALUE"""),"f6aab7a9") -> f6aab7a9 | BC12: =IFERROR(__xludf.DUMMYFUNCTION("""COMPUTED_VALUE"""),"Oksigen 6m3 MR") -> Oksigen 6m3 MR | BD12: =IFERROR(__xludf.DUMMYFUNCTION("""COMPUTED_VALUE"""),"RENT") -> RENT | BE12: =IFERROR(__xludf.DUMMYFUNCTION("""COMPUTED_VALUE"""),"MR") -> MR | BF12: =IFERROR(__xludf.DUMMYFUNCTION("""COMPUTED_VALUE"""),"Btl") -> Btl | BH12: =IFERROR(__xludf.DUMMYFUNCTION("""COMPUTED_VALUE"""),FALSE) -> FALSE
A13: =IFERROR(__xludf.DUMMYFUNCTION("""COMPUTED_VALUE"""),"d45c4466") -> d45c4466 | B13: =IFERROR(__xludf.DUMMYFUNCTION("""COMPUTED_VALUE"""),"d45c4466") -> d45c4466 | C13: =IFERROR(__xludf.DUMMYFUNCTION("""COMPUTED_VALUE"""),45537.46388888889) -> 45537.464 | D13: =IFERROR(__xludf.DUMMYFUNCTION("""COMPUTED_VALUE"""),"a9fe1bea") -> a9fe1bea | E13: =IFERROR(__xludf.DUMMYFUNCTION("""COMPUTED_VALUE"""),"H. Suheiri") -> H. Suheiri | F13: =IFERROR(__xludf.DUMMYFUNCTION("""COMPUTED_VALUE"""),"8bdbe149") -> 8bdbe149 | G13: =IFERROR(__xludf.DUMMYFUNCTION("""COMPUTED_VALUE"""),"Oksigen 6m3") -> Oksigen 6m3 | H13: =IFERROR(__xludf.DUMMYFUNCTION("""COMPUTED_VALUE"""),"IN") -> IN | I13: =IFERROR(__xludf.DUMMYFUNCTION("""COMPUTED_VALUE"""),"EMPTY") -> EMPTY | J13: =IFERROR(__xludf.DUMMYFUNCTION("""COMPUTED_VALUE"""),9.0) -> 9 | K13: =IFERROR(__xludf.DUMMYFUNCTION("""COMPUTED_VALUE"""),"1132 1123 1144 1124 1125 1137 1118 1108 1140") -> 1132 1123 1144 1124 1125 1137 1118 1108 1140 | Q13: =IFERROR(__xludf.DUMMYFUNCTION("""COMPUTED_VALUE"""),"09240008") -> 09240008 | R13: =IFERROR(__xludf.DUMMYFUNCTION("""COMPUTED_VALUE"""),"09240008") -> 09240008 | S13: =IFERROR(__xludf.DUMMYFUNCTION("""COMPUTED_VALUE"""),"dc7f01b2") -> dc7f01b2 | T13: =IFERROR(__xludf.DUMMYFUNCTION("""COMPUTED_VALUE"""),"Tiga Putra") -> Tiga Putra | U13: =IFERROR(__xludf.DUMMYFUNCTION("""COMPUTED_VALUE"""),45537.55047453704) -> 45537.55 | W13: =IFERROR(__xludf.DUMMYFUNCTION("""COMPUTED_VALUE"""),"OUT") -> OUT | Z13: =IFERROR(__xludf.DUMMYFUNCTION("""COMPUTED_VALUE"""),"04261043080") -> 04261043080 | AA13: =IFERROR(__xludf.DUMMYFUNCTION("""COMPUTED_VALUE"""),"4012622220") -> 4012622220 | AC13: =IFERROR(__xludf.DUMMYFUNCTION("""COMPUTED_VALUE"""),"8f5ebaea") -> 8f5ebaea | AD13: =IFERROR(__xludf.DUMMYFUNCTION("""COMPUTED_VALUE"""),"PT Hua Zong Mesindo") -> PT Hua Zong Mesindo | AF13: =IFERROR(__xludf.DUMMYFUNCTION("""COMPUTED_VALUE"""),FALSE) -> FALSE | AG13: =IFERROR(__xludf.DUMMYFUNCTION("""COMPUTED_VALUE"""),"Jl. Bypass Krian, Sidotemo, Sidomulyo, Kec. Krian, Kabupaten Sidoarjo, Jawa Timur 61262") -> Jl. Bypass Krian, Sidotemo, Sidomulyo, Kec. Krian, Kabupaten Sidoarjo, Jawa Timur 61262 | AH13: =IFERROR(__xludf.DUMMYFUNCTION("""COMPUTED_VALUE"""),30.0) -> 30 | AJ13: =IFERROR(__xludf.DUMMYFUNCTION("""COMPUTED_VALUE"""),46030.643900462965) -> 46030.644 | AL13: =IFERROR(__xludf.DUMMYFUNCTION("""COMPUTED_VALUE"""),"2260299") -> 2260299 | AM13: =IFERROR(__xludf.DUMMYFUNCTION("""COMPUTED_VALUE"""),"0326342907") -> 0326342907 | AN13: =IFERROR(__xludf.DUMMYFUNCTION("""COMPUTED_VALUE"""),"63fc688a") -> 63fc688a | AO13: =IFERROR(__xludf.DUMMYFUNCTION("""COMPUTED_VALUE"""),"CV Malik Nusantara") -> CV Malik Nusantara | AP13: =IFERROR(__xludf.DUMMYFUNCTION("""COMPUTED_VALUE"""),46123.53361111111) -> 46123.534 | AQ13: =IFERROR(__xludf.DUMMYFUNCTION("""COMPUTED_VALUE"""),46109.0) -> 46109 | AS13: =IFERROR(__xludf.DUMMYFUNCTION("""COMPUTED_VALUE"""),"8f5ebaea") -> 8f5ebaea | AT13: =IFERROR(__xludf.DUMMYFUNCTION("""COMPUTED_VALUE"""),"PT Hua Zong Mesindo") -> PT Hua Zong Mesindo | AV13: =IFERROR(__xludf.DUMMYFUNCTION("""COMPUTED_VALUE"""),FALSE) -> FALSE | AW13: =IFERROR(__xludf.DUMMYFUNCTION("""COMPUTED_VALUE"""),"Jl. Bypass Krian, Sidotemo, Sidomulyo, Kec. Krian, Kabupaten Sidoarjo, Jawa Timur 61262") -> Jl. Bypass Krian, Sidotemo, Sidomulyo, Kec. Krian, Kabupaten Sidoarjo, Jawa Timur 61262 | AX13: =IFERROR(__xludf.DUMMYFUNCTION("""COMPUTED_VALUE"""),30.0) -> 30 | AZ13: =IFERROR(__xludf.DUMMYFUNCTION("""COMPUTED_VALUE"""),46030.643900462965) -> 46030.644 | BB13: =IFERROR(__xludf.DUMMYFUNCTION("""COMPUTED_VALUE"""),"7d2764f1") -> 7d2764f1 | BC13: =IFERROR(__xludf.DUMMYFUNCTION("""COMPUTED_VALUE"""),"Oksigen 7m3") -> Oksigen 7m3 | BD13: =IFERROR(__xludf.DUMMYFUNCTION("""COMPUTED_VALUE"""),"RENT") -> RENT | BE13: =IFERROR(__xludf.DUMMYFUNCTION("""COMPUTED_VALUE"""),"MP") -> MP | BF13: =IFERROR(__xludf.DUMMYFUNCTION("""COMPUTED_VALUE"""),"Btl") -> Btl | BH13: =IFERROR(__xludf.DUMMYFUNCTION("""COMPUTED_VALUE"""),TRUE) -> TRUE
A14: =IFERROR(__xludf.DUMMYFUNCTION("""COMPUTED_VALUE"""),"2fb3243c") -> 2fb3243c | B14: =IFERROR(__xludf.DUMMYFUNCTION("""COMPUTED_VALUE"""),"2fb3243c") -> 2fb3243c | C14: =IFERROR(__xludf.DUMMYFUNCTION("""COMPUTED_VALUE"""),45537.464583333334) -> 45537.465 | D14: =IFERROR(__xludf.DUMMYFUNCTION("""COMPUTED_VALUE"""),"e968afef") -> e968afef | E14: =IFERROR(__xludf.DUMMYFUNCTION("""COMPUTED_VALUE"""),"Bpk. Agus") -> Bpk. Agus | F14: =IFERROR(__xludf.DUMMYFUNCTION("""COMPUTED_VALUE"""),"8bdbe149") -> 8bdbe149 | G14: =IFERROR(__xludf.DUMMYFUNCTION("""COMPUTED_VALUE"""),"Oksigen 6m3") -> Oksigen 6m3 | H14: =IFERROR(__xludf.DUMMYFUNCTION("""COMPUTED_VALUE"""),"IN") -> IN | I14: =IFERROR(__xludf.DUMMYFUNCTION("""COMPUTED_VALUE"""),"EMPTY") -> EMPTY | J14: =IFERROR(__xludf.DUMMYFUNCTION("""COMPUTED_VALUE"""),4.0) -> 4 | K14: =IFERROR(__xludf.DUMMYFUNCTION("""COMPUTED_VALUE"""),"1111 1134 1145 1148") -> 1111 1134 1145 1148 | Z14: =IFERROR(__xludf.DUMMYFUNCTION("""COMPUTED_VALUE"""),"0426523078") -> 0426523078 | AA14: =IFERROR(__xludf.DUMMYFUNCTION("""COMPUTED_VALUE"""),"4012611990") -> 4012611990 | AC14: =IFERROR(__xludf.DUMMYFUNCTION("""COMPUTED_VALUE"""),"37175874") -> 37175874 | AD14: =IFERROR(__xludf.DUMMYFUNCTION("""COMPUTED_VALUE"""),"PT TERAPAN NILAIOSILASI INDONESIA (TENO)") -> PT TERAPAN NILAIOSILASI INDONESIA (TENO) | AE14: =IFERROR(__xludf.DUMMYFUNCTION("""COMPUTED_VALUE"""),"016730582631000") -> 016730582631000 | AF14: =IFERROR(__xludf.DUMMYFUNCTION("""COMPUTED_VALUE"""),TRUE) -> TRUE | AG14: =IFERROR(__xludf.DUMMYFUNCTION("""COMPUTED_VALUE"""),"JL Raya Kertajaya Indah 153 / P116, Gebang Putih, Sukokilo, Kota Surabaya, Jawa Timur") -> JL Raya Kertajaya Indah 153 / P116, Gebang Putih, Sukokilo, Kota Surabaya, Jawa Timur | AH14: =IFERROR(__xludf.DUMMYFUNCTION("""COMPUTED_VALUE"""),60.0) -> 60 | AL14: =IFERROR(__xludf.DUMMYFUNCTION("""COMPUTED_VALUE"""),"2260299") -> 2260299 | AM14: =IFERROR(__xludf.DUMMYFUNCTION("""COMPUTED_VALUE"""),"0326352911") -> 0326352911 | AN14: =IFERROR(__xludf.DUMMYFUNCTION("""COMPUTED_VALUE"""),"63fc688a") -> 63fc688a | AO14: =IFERROR(__xludf.DUMMYFUNCTION("""COMPUTED_VALUE"""),"CV Malik Nusantara") -> CV Malik Nusantara | AP14: =IFERROR(__xludf.DUMMYFUNCTION("""COMPUTED_VALUE"""),46123.53361111111) -> 46123.534 | AQ14: =IFERROR(__xludf.DUMMYFUNCTION("""COMPUTED_VALUE"""),46111.0) -> 46111 | AS14: =IFERROR(__xludf.DUMMYFUNCTION("""COMPUTED_VALUE"""),"37175874") -> 37175874 | AT14: =IFERROR(__xludf.DUMMYFUNCTION("""COMPUTED_VALUE"""),"PT TERAPAN NILAIOSILASI INDONESIA (TENO)") -> PT TERAPAN NILAIOSILASI INDONESIA (TENO) | AU14: =IFERROR(__xludf.DUMMYFUNCTION("""COMPUTED_VALUE"""),"016730582631000") -> 016730582631000 | AV14: =IFERROR(__xludf.DUMMYFUNCTION("""COMPUTED_VALUE"""),TRUE) -> TRUE | AW14: =IFERROR(__xludf.DUMMYFUNCTION("""COMPUTED_VALUE"""),"JL Raya Kertajaya Indah 153 / P116, Gebang Putih, Sukokilo, Kota Surabaya, Jawa Timur") -> JL Raya Kertajaya Indah 153 / P116, Gebang Putih, Sukokilo, Kota Surabaya, Jawa Timur | AX14: =IFERROR(__xludf.DUMMYFUNCTION("""COMPUTED_VALUE"""),60.0) -> 60 | BB14: =IFERROR(__xludf.DUMMYFUNCTION("""COMPUTED_VALUE"""),"9c33246d") -> 9c33246d | BC14: =IFERROR(__xludf.DUMMYFUNCTION("""COMPUTED_VALUE"""),"Tabung 6m3 + Ar") -> Tabung 6m3 + Ar | BD14: =IFERROR(__xludf.DUMMYFUNCTION("""COMPUTED_VALUE"""),"SELL") -> SELL | BE14: =IFERROR(__xludf.DUMMYFUNCTION("""COMPUTED_VALUE"""),"MR") -> MR | BF14: =IFERROR(__xludf.DUMMYFUNCTION("""COMPUTED_VALUE"""),"Btl") -> Btl | BH14: =IFERROR(__xludf.DUMMYFUNCTION("""COMPUTED_VALUE"""),FALSE) -> FALSE
A15: =IFERROR(__xludf.DUMMYFUNCTION("""COMPUTED_VALUE"""),"09240008") -> 09240008 | B15: =IFERROR(__xludf.DUMMYFUNCTION("""COMPUTED_VALUE"""),"09240008") -> 09240008 | C15: =IFERROR(__xludf.DUMMYFUNCTION("""COMPUTED_VALUE"""),45537.550474537034) -> 45537.55 | D15: =IFERROR(__xludf.DUMMYFUNCTION("""COMPUTED_VALUE"""),"dc7f01b2") -> dc7f01b2 | E15: =IFERROR(__xludf.DUMMYFUNCTION("""COMPUTED_VALUE"""),"Tiga Putra") -> Tiga Putra | F15: =IFERROR(__xludf.DUMMYFUNCTION("""COMPUTED_VALUE"""),"f6aab7a9") -> f6aab7a9 | G15: =IFERROR(__xludf.DUMMYFUNCTION("""COMPUTED_VALUE"""),"Oksigen 6m3 MR") -> Oksigen 6m3 MR | H15: =IFERROR(__xludf.DUMMYFUNCTION("""COMPUTED_VALUE"""),"OUT") -> OUT | I15: =IFERROR(__xludf.DUMMYFUNCTION("""COMPUTED_VALUE"""),"NORMAL") -> NORMAL | J15: =IFERROR(__xludf.DUMMYFUNCTION("""COMPUTED_VALUE"""),1.0) -> 1 | L15: =IFERROR(__xludf.DUMMYFUNCTION("""COMPUTED_VALUE"""),"#N/A") -> #N/A | Q15: =IFERROR(__xludf.DUMMYFUNCTION("""COMPUTED_VALUE"""),"09240010") -> 09240010 | R15: =IFERROR(__xludf.DUMMYFUNCTION("""COMPUTED_VALUE"""),"09240010") -> 09240010 | S15: =IFERROR(__xludf.DUMMYFUNCTION("""COMPUTED_VALUE"""),"a9fe1bea") -> a9fe1bea | T15: =IFERROR(__xludf.DUMMYFUNCTION("""COMPUTED_VALUE"""),"H. Suheiri") -> H. Suheiri | U15: =IFERROR(__xludf.DUMMYFUNCTION("""COMPUTED_VALUE"""),45538.438043981485) -> 45538.438 | V15: =IFERROR(__xludf.DUMMYFUNCTION("""COMPUTED_VALUE"""),"Jalan Raya Balongbendo No. 6 RT. 1 / RW. 1 Singkalan, Singkalan, Seduri, Kec. BalongBendo, Kabupaten Sidoarjo, Jawa Timur 61263") -> Jalan Raya Balongbendo No. 6 RT. 1 / RW. 1 Singkalan, Singkalan, Seduri, Kec. BalongBendo, Kabupaten Sidoarjo, Jawa Timur 61263 | W15: =IFERROR(__xludf.DUMMYFUNCTION("""COMPUTED_VALUE"""),"OUT") -> OUT | Z15: =IFERROR(__xludf.DUMMYFUNCTION("""COMPUTED_VALUE"""),"0426433077") -> 0426433077 | AA15: =IFERROR(__xludf.DUMMYFUNCTION("""COMPUTED_VALUE"""),"4122511878") -> 4122511878 | AC15: =IFERROR(__xludf.DUMMYFUNCTION("""COMPUTED_VALUE"""),"c2f5a4a7") -> c2f5a4a7 | AD15: =IFERROR(__xludf.DUMMYFUNCTION("""COMPUTED_VALUE"""),"UD Sumber Berlian") -> UD Sumber Berlian | AF15: =IFERROR(__xludf.DUMMYFUNCTION("""COMPUTED_VALUE"""),FALSE) -> FALSE | AG15: =IFERROR(__xludf.DUMMYFUNCTION("""COMPUTED_VALUE"""),"Ciro Kulon, Bakungtemenggungan, Kec. BalongBendo, Kabupaten Sidoarjo, Jawa Timur 61263") -> Ciro Kulon, Bakungtemenggungan, Kec. BalongBendo, Kabupaten Sidoarjo, Jawa Timur 61263 | AH15: =IFERROR(__xludf.DUMMYFUNCTION("""COMPUTED_VALUE"""),14.0) -> 14 | AL15: =IFERROR(__xludf.DUMMYFUNCTION("""COMPUTED_VALUE"""),"2260299") -> 2260299 | AM15: =IFERROR(__xludf.DUMMYFUNCTION("""COMPUTED_VALUE"""),"0326362927") -> 0326362927 | AN15: =IFERROR(__xludf.DUMMYFUNCTION("""COMPUTED_VALUE"""),"63fc688a") -> 63fc688a | AO15: =IFERROR(__xludf.DUMMYFUNCTION("""COMPUTED_VALUE"""),"CV Malik Nusantara") -> CV Malik Nusantara | AP15: =IFERROR(__xludf.DUMMYFUNCTION("""COMPUTED_VALUE"""),46123.53361111111) -> 46123.534 | AQ15: =IFERROR(__xludf.DUMMYFUNCTION("""COMPUTED_VALUE"""),46112.0) -> 46112 | AS15: =IFERROR(__xludf.DUMMYFUNCTION("""COMPUTED_VALUE"""),"c2f5a4a7") -> c2f5a4a7 | AT15: =IFERROR(__xludf.DUMMYFUNCTION("""COMPUTED_VALUE"""),"UD Sumber Berlian") -> UD Sumber Berlian | AV15: =IFERROR(__xludf.DUMMYFUNCTION("""COMPUTED_VALUE"""),FALSE) -> FALSE | AW15: =IFERROR(__xludf.DUMMYFUNCTION("""COMPUTED_VALUE"""),"Ciro Kulon, Bakungtemenggungan, Kec. BalongBendo, Kabupaten Sidoarjo, Jawa Timur 61263") -> Ciro Kulon, Bakungtemenggungan, Kec. BalongBendo, Kabupaten Sidoarjo, Jawa Timur 61263 | AX15: =IFERROR(__xludf.DUMMYFUNCTION("""COMPUTED_VALUE"""),14.0) -> 14 | BB15: =IFERROR(__xludf.DUMMYFUNCTION("""COMPUTED_VALUE"""),"63a8dbcf") -> 63a8dbcf | BC15: =IFERROR(__xludf.DUMMYFUNCTION("""COMPUTED_VALUE"""),"Tabung 6m3 + CO2") -> Tabung 6m3 + CO2 | BD15: =IFERROR(__xludf.DUMMYFUNCTION("""COMPUTED_VALUE"""),"SELL") -> SELL | BE15: =IFERROR(__xludf.DUMMYFUNCTION("""COMPUTED_VALUE"""),"MR") -> MR | BF15: =IFERROR(__xludf.DUMMYFUNCTION("""COMPUTED_VALUE"""),"Btl") -> Btl | BH15: =IFERROR(__xludf.DUMMYFUNCTION("""COMPUTED_VALUE"""),FALSE) -> FALSE
A16: =IFERROR(__xludf.DUMMYFUNCTION("""COMPUTED_VALUE"""),"c3051e6b") -> c3051e6b | B16: =IFERROR(__xludf.DUMMYFUNCTION("""COMPUTED_VALUE"""),"c3051e6b") -> c3051e6b | C16: =IFERROR(__xludf.DUMMYFUNCTION("""COMPUTED_VALUE"""),45537.550474537034) -> 45537.55 | D16: =IFERROR(__xludf.DUMMYFUNCTION("""COMPUTED_VALUE"""),"dc7f01b2") -> dc7f01b2 | E16: =IFERROR(__xludf.DUMMYFUNCTION("""COMPUTED_VALUE"""),"Tiga Putra") -> Tiga Putra | F16: =IFERROR(__xludf.DUMMYFUNCTION("""COMPUTED_VALUE"""),"f6aab7a9") -> f6aab7a9 | G16: =IFERROR(__xludf.DUMMYFUNCTION("""COMPUTED_VALUE"""),"Oksigen 6m3 MR") -> Oksigen 6m3 MR | H16: =IFERROR(__xludf.DUMMYFUNCTION("""COMPUTED_VALUE"""),"IN") -> IN | I16: =IFERROR(__xludf.DUMMYFUNCTION("""COMPUTED_VALUE"""),"EMPTY") -> EMPTY | J16: =IFERROR(__xludf.DUMMYFUNCTION("""COMPUTED_VALUE"""),1.0) -> 1 | Q16: =IFERROR(__xludf.DUMMYFUNCTION("""COMPUTED_VALUE"""),"2af3134d") -> 2af3134d | R16: =IFERROR(__xludf.DUMMYFUNCTION("""COMPUTED_VALUE"""),"2af3134d") -> 2af3134d | S16: =IFERROR(__xludf.DUMMYFUNCTION("""COMPUTED_VALUE"""),"f8335a53") -> f8335a53 | T16: =IFERROR(__xludf.DUMMYFUNCTION("""COMPUTED_VALUE"""),"CV RAGAM JAYA ENGINEERING") -> CV RAGAM JAYA ENGINEERING | U16: =IFERROR(__xludf.DUMMYFUNCTION("""COMPUTED_VALUE"""),45544.36041666666) -> 45544.36 | V16: =IFERROR(__xludf.DUMMYFUNCTION("""COMPUTED_VALUE"""),"Jl. Balung wangon, Dadapkuning, Bulurejo, Kec. Benjeng, Kabupaten Gresik, Jawa Timur 61172") -> Jl. Balung wangon, Dadapkuning, Bulurejo, Kec. Benjeng, Kabupaten Gresik, Jawa Timur 61172 | W16: =IFERROR(__xludf.DUMMYFUNCTION("""COMPUTED_VALUE"""),"IN") -> IN | Z16: =IFERROR(__xludf.DUMMYFUNCTION("""COMPUTED_VALUE"""),"0426153076") -> 0426153076 | AA16: =IFERROR(__xludf.DUMMYFUNCTION("""COMPUTED_VALUE"""),"4122511792") -> 4122511792 | AC16: =IFERROR(__xludf.DUMMYFUNCTION("""COMPUTED_VALUE"""),"72d9a70c") -> 72d9a70c | AD16: =IFERROR(__xludf.DUMMYFUNCTION("""COMPUTED_VALUE"""),"PT Beton Prima Indonesia") -> PT Beton Prima Indonesia | AE16: =IFERROR(__xludf.DUMMYFUNCTION("""COMPUTED_VALUE"""),"017929910606000") -> 017929910606000 | AF16: =IFERROR(__xludf.DUMMYFUNCTION("""COMPUTED_VALUE"""),TRUE) -> TRUE | AG16: =IFERROR(__xludf.DUMMYFUNCTION("""COMPUTED_VALUE"""),"KH. Ahmad Dahlan KM.2 Ds. Sumberwono, Kec. Bangsal, Kab. Mojokerto 61381") -> KH. Ahmad Dahlan KM.2 Ds. Sumberwono, Kec. Bangsal, Kab. Mojokerto 61381 | AH16: =IFERROR(__xludf.DUMMYFUNCTION("""COMPUTED_VALUE"""),60.0) -> 60 | AJ16: =IFERROR(__xludf.DUMMYFUNCTION("""COMPUTED_VALUE"""),45885.79336805556) -> 45885.793 | AL16: =IFERROR(__xludf.DUMMYFUNCTION("""COMPUTED_VALUE"""),"2260299") -> 2260299 | AM16: =IFERROR(__xludf.DUMMYFUNCTION("""COMPUTED_VALUE"""),"0426372957") -> 0426372957 | AN16: =IFERROR(__xludf.DUMMYFUNCTION("""COMPUTED_VALUE"""),"63fc688a") -> 63fc688a | AO16: =IFERROR(__xludf.DUMMYFUNCTION("""COMPUTED_VALUE"""),"CV Malik Nusantara") -> CV Malik Nusantara | AP16: =IFERROR(__xludf.DUMMYFUNCTION("""COMPUTED_VALUE"""),46123.53361111111) -> 46123.534 | AQ16: =IFERROR(__xludf.DUMMYFUNCTION("""COMPUTED_VALUE"""),46114.0) -> 46114 | AS16: =IFERROR(__xludf.DUMMYFUNCTION("""COMPUTED_VALUE"""),"72d9a70c") -> 72d9a70c | AT16: =IFERROR(__xludf.DUMMYFUNCTION("""COMPUTED_VALUE"""),"PT Beton Prima Indonesia") -> PT Beton Prima Indonesia | AU16: =IFERROR(__xludf.DUMMYFUNCTION("""COMPUTED_VALUE"""),"017929910606000") -> 017929910606000 | AV16: =IFERROR(__xludf.DUMMYFUNCTION("""COMPUTED_VALUE"""),TRUE) -> TRUE | AW16: =IFERROR(__xludf.DUMMYFUNCTION("""COMPUTED_VALUE"""),"KH. Ahmad Dahlan KM.2 Ds. Sumberwono, Kec. Bangsal, Kab. Mojokerto 61381") -> KH. Ahmad Dahlan KM.2 Ds. Sumberwono, Kec. Bangsal, Kab. Mojokerto 61381 | AX16: =IFERROR(__xludf.DUMMYFUNCTION("""COMPUTED_VALUE"""),60.0) -> 60 | AZ16: =IFERROR(__xludf.DUMMYFUNCTION("""COMPUTED_VALUE"""),45885.79336805556) -> 45885.793 | BB16: =IFERROR(__xludf.DUMMYFUNCTION("""COMPUTED_VALUE"""),"f3208f5d") -> f3208f5d | BC16: =IFERROR(__xludf.DUMMYFUNCTION("""COMPUTED_VALUE"""),"Tabung 6m3 + O2") -> Tabung 6m3 + O2 | BD16: =IFERROR(__xludf.DUMMYFUNCTION("""COMPUTED_VALUE"""),"SELL") -> SELL | BE16: =IFERROR(__xludf.DUMMYFUNCTION("""COMPUTED_VALUE"""),"MR") -> MR | BF16: =IFERROR(__xludf.DUMMYFUNCTION("""COMPUTED_VALUE"""),"Btl") -> Btl | BH16: =IFERROR(__xludf.DUMMYFUNCTION("""COMPUTED_VALUE"""),FALSE) -> FALSE
Q17: =IFERROR(__xludf.DUMMYFUNCTION("""COMPUTED_VALUE"""),"b777759c") -> b777759c | R17: =IFERROR(__xludf.DUMMYFUNCTION("""COMPUTED_VALUE"""),"b777759c") -> b777759c | S17: =IFERROR(__xludf.DUMMYFUNCTION("""COMPUTED_VALUE"""),"a9fe1bea") -> a9fe1bea | T17: =IFERROR(__xludf.DUMMYFUNCTION("""COMPUTED_VALUE"""),"H. Suheiri") -> H. Suheiri | U17: =IFERROR(__xludf.DUMMYFUNCTION("""COMPUTED_VALUE"""),45544.36111111111) -> 45544.361 | V17: =IFERROR(__xludf.DUMMYFUNCTION("""COMPUTED_VALUE"""),"Jalan Raya Balongbendo No. 6 RT. 1 / RW. 1 Singkalan, Singkalan, Seduri, Kec. BalongBendo, Kabupaten Sidoarjo, Jawa Timur 61263") -> Jalan Raya Balongbendo No. 6 RT. 1 / RW. 1 Singkalan, Singkalan, Seduri, Kec. BalongBendo, Kabupaten Sidoarjo, Jawa Timur 61263 | W17: =IFERROR(__xludf.DUMMYFUNCTION("""COMPUTED_VALUE"""),"IN") -> IN | Z17: =IFERROR(__xludf.DUMMYFUNCTION("""COMPUTED_VALUE"""),"042613075") -> 042613075 | AA17: =IFERROR(__xludf.DUMMYFUNCTION("""COMPUTED_VALUE"""),"4112531663") -> 4112531663 | AC17: =IFERROR(__xludf.DUMMYFUNCTION("""COMPUTED_VALUE"""),"4ec68cf6") -> 4ec68cf6 | AD17: =IFERROR(__xludf.DUMMYFUNCTION("""COMPUTED_VALUE"""),"CV Sido Mukti Karya") -> CV Sido Mukti Karya | AF17: =IFERROR(__xludf.DUMMYFUNCTION("""COMPUTED_VALUE"""),FALSE) -> FALSE | AG17: =IFERROR(__xludf.DUMMYFUNCTION("""COMPUTED_VALUE"""),"Pergudangan Center Point no A3, Kemangsen") -> Pergudangan Center Point no A3, Kemangsen | AH17: =IFERROR(__xludf.DUMMYFUNCTION("""COMPUTED_VALUE"""),14.0) -> 14 | AL17: =IFERROR(__xludf.DUMMYFUNCTION("""COMPUTED_VALUE"""),"2260299") -> 2260299 | AM17: =IFERROR(__xludf.DUMMYFUNCTION("""COMPUTED_VALUE"""),"0426382978") -> 0426382978 | AN17: =IFERROR(__xludf.DUMMYFUNCTION("""COMPUTED_VALUE"""),"63fc688a") -> 63fc688a | AO17: =IFERROR(__xludf.DUMMYFUNCTION("""COMPUTED_VALUE"""),"CV Malik Nusantara") -> CV Malik Nusantara | AP17: =IFERROR(__xludf.DUMMYFUNCTION("""COMPUTED_VALUE"""),46123.53361111111) -> 46123.534 | AQ17: =IFERROR(__xludf.DUMMYFUNCTION("""COMPUTED_VALUE"""),46116.0) -> 46116 | AS17: =IFERROR(__xludf.DUMMYFUNCTION("""COMPUTED_VALUE"""),"4ec68cf6") -> 4ec68cf6 | AT17: =IFERROR(__xludf.DUMMYFUNCTION("""COMPUTED_VALUE"""),"CV Sido Mukti Karya") -> CV Sido Mukti Karya | AV17: =IFERROR(__xludf.DUMMYFUNCTION("""COMPUTED_VALUE"""),FALSE) -> FALSE | AW17: =IFERROR(__xludf.DUMMYFUNCTION("""COMPUTED_VALUE"""),"Pergudangan Center Point no A3, Kemangsen") -> Pergudangan Center Point no A3, Kemangsen | AX17: =IFERROR(__xludf.DUMMYFUNCTION("""COMPUTED_VALUE"""),14.0) -> 14 | BB17: =IFERROR(__xludf.DUMMYFUNCTION("""COMPUTED_VALUE"""),"95289f0b") -> 95289f0b | BC17: =IFERROR(__xludf.DUMMYFUNCTION("""COMPUTED_VALUE"""),"Tabung 7m3 + Ar") -> Tabung 7m3 + Ar | BD17: =IFERROR(__xludf.DUMMYFUNCTION("""COMPUTED_VALUE"""),"SELL") -> SELL | BE17: =IFERROR(__xludf.DUMMYFUNCTION("""COMPUTED_VALUE"""),"MR") -> MR | BF17: =IFERROR(__xludf.DUMMYFUNCTION("""COMPUTED_VALUE"""),"Btl") -> Btl | BH17: =IFERROR(__xludf.DUMMYFUNCTION("""COMPUTED_VALUE"""),FALSE) -> FALSE
Q18: =IFERROR(__xludf.DUMMYFUNCTION("""COMPUTED_VALUE"""),"09240011") -> 09240011 | R18: =IFERROR(__xludf.DUMMYFUNCTION("""COMPUTED_VALUE"""),"09240011") -> 09240011 | S18: =IFERROR(__xludf.DUMMYFUNCTION("""COMPUTED_VALUE"""),"e86baf3b") -> e86baf3b | T18: =IFERROR(__xludf.DUMMYFUNCTION("""COMPUTED_VALUE"""),"PT GEMILANG CIPTA WAWASAN") -> PT GEMILANG CIPTA WAWASAN | U18: =IFERROR(__xludf.DUMMYFUNCTION("""COMPUTED_VALUE"""),45545.51719907408) -> 45545.517 | V18: =IFERROR(__xludf.DUMMYFUNCTION("""COMPUTED_VALUE"""),"JL TEBET RAYA, 2A, TEBET BARAT, TEBET, KOTA ADM, JAKARTA SELATAN, DKI JAKARTA") -> JL TEBET RAYA, 2A, TEBET BARAT, TEBET, KOTA ADM, JAKARTA SELATAN, DKI JAKARTA | W18: =IFERROR(__xludf.DUMMYFUNCTION("""COMPUTED_VALUE"""),"OUT") -> OUT | Z18: =IFERROR(__xludf.DUMMYFUNCTION("""COMPUTED_VALUE"""),"042653074") -> 042653074 | AA18: =IFERROR(__xludf.DUMMYFUNCTION("""COMPUTED_VALUE"""),"4112521546") -> 4112521546 | AC18: =IFERROR(__xludf.DUMMYFUNCTION("""COMPUTED_VALUE"""),"4a01ccb6") -> 4a01ccb6 | AD18: =IFERROR(__xludf.DUMMYFUNCTION("""COMPUTED_VALUE"""),"CV ANUGERAH PERSADA TEKNIK") -> CV ANUGERAH PERSADA TEKNIK | AE18: =IFERROR(__xludf.DUMMYFUNCTION("""COMPUTED_VALUE"""),"024763260615000") -> 024763260615000 | AF18: =IFERROR(__xludf.DUMMYFUNCTION("""COMPUTED_VALUE"""),TRUE) -> TRUE | AG18: =IFERROR(__xludf.DUMMYFUNCTION("""COMPUTED_VALUE"""),"JL. Raya Trosobo, Blok 3/14, Taman Sidoarjo Lingkungan Industri Kecil, Sepanjang, Jawa Timur, 61257") -> JL. Raya Trosobo, Blok 3/14, Taman Sidoarjo Lingkungan Industri Kecil, Sepanjang, Jawa Timur, 61257 | AH18: =IFERROR(__xludf.DUMMYFUNCTION("""COMPUTED_VALUE"""),30.0) -> 30 | AL18: =IFERROR(__xludf.DUMMYFUNCTION("""COMPUTED_VALUE"""),"2260299") -> 2260299 | AM18: =IFERROR(__xludf.DUMMYFUNCTION("""COMPUTED_VALUE"""),"0426393021") -> 0426393021 | AN18: =IFERROR(__xludf.DUMMYFUNCTION("""COMPUTED_VALUE"""),"63fc688a") -> 63fc688a | AO18: =IFERROR(__xludf.DUMMYFUNCTION("""COMPUTED_VALUE"""),"CV Malik Nusantara") -> CV Malik Nusantara | AP18: =IFERROR(__xludf.DUMMYFUNCTION("""COMPUTED_VALUE"""),46123.53361111111) -> 46123.534 | AQ18: =IFERROR(__xludf.DUMMYFUNCTION("""COMPUTED_VALUE"""),46120.0) -> 46120 | AS18: =IFERROR(__xludf.DUMMYFUNCTION("""COMPUTED_VALUE"""),"4a01ccb6") -> 4a01ccb6 | AT18: =IFERROR(__xludf.DUMMYFUNCTION("""COMPUTED_VALUE"""),"CV ANUGERAH PERSADA TEKNIK") -> CV ANUGERAH PERSADA TEKNIK | AU18: =IFERROR(__xludf.DUMMYFUNCTION("""COMPUTED_VALUE"""),"024763260615000") -> 024763260615000 | AV18: =IFERROR(__xludf.DUMMYFUNCTION("""COMPUTED_VALUE"""),TRUE) -> TRUE | AW18: =IFERROR(__xludf.DUMMYFUNCTION("""COMPUTED_VALUE"""),"JL. Raya Trosobo, Blok 3/14, Taman Sidoarjo Lingkungan Industri Kecil, Sepanjang, Jawa Timur, 61257") -> JL. Raya Trosobo, Blok 3/14, Taman Sidoarjo Lingkungan Industri Kecil, Sepanjang, Jawa Timur, 61257 | AX18: =IFERROR(__xludf.DUMMYFUNCTION("""COMPUTED_VALUE"""),30.0) -> 30 | BB18: =IFERROR(__xludf.DUMMYFUNCTION("""COMPUTED_VALUE"""),"9cc683e5") -> 9cc683e5 | BC18: =IFERROR(__xludf.DUMMYFUNCTION("""COMPUTED_VALUE"""),"Tabung 7m3 + CO2") -> Tabung 7m3 + CO2 | BD18: =IFERROR(__xludf.DUMMYFUNCTION("""COMPUTED_VALUE"""),"SELL") -> SELL | BE18: =IFERROR(__xludf.DUMMYFUNCTION("""COMPUTED_VALUE"""),"MR") -> MR | BF18: =IFERROR(__xludf.DUMMYFUNCTION("""COMPUTED_VALUE"""),"Btl") -> Btl | BH18: =IFERROR(__xludf.DUMMYFUNCTION("""COMPUTED_VALUE"""),FALSE) -> FALSE
A19: =IFERROR(__xludf.DUMMYFUNCTION("""COMPUTED_VALUE"""),"09240010") -> 09240010 | B19: =IFERROR(__xludf.DUMMYFUNCTION("""COMPUTED_VALUE"""),"09240010") -> 09240010 | C19: =IFERROR(__xludf.DUMMYFUNCTION("""COMPUTED_VALUE"""),45538.438043981485) -> 45538.438 | D19: =IFERROR(__xludf.DUMMYFUNCTION("""COMPUTED_VALUE"""),"a9fe1bea") -> a9fe1bea | E19: =IFERROR(__xludf.DUMMYFUNCTION("""COMPUTED_VALUE"""),"H. Suheiri") -> H. Suheiri | F19: =IFERROR(__xludf.DUMMYFUNCTION("""COMPUTED_VALUE"""),"8bdbe149") -> 8bdbe149 | G19: =IFERROR(__xludf.DUMMYFUNCTION("""COMPUTED_VALUE"""),"Oksigen 6m3") -> Oksigen 6m3 | H19: =IFERROR(__xludf.DUMMYFUNCTION("""COMPUTED_VALUE"""),"OUT") -> OUT | I19: =IFERROR(__xludf.DUMMYFUNCTION("""COMPUTED_VALUE"""),"NORMAL") -> NORMAL | J19: =IFERROR(__xludf.DUMMYFUNCTION("""COMPUTED_VALUE"""),10.0) -> 10 | K19: =IFERROR(__xludf.DUMMYFUNCTION("""COMPUTED_VALUE"""),"1125 1140 1137 1132 1111 1134 1108 1148 1118 1123") -> 1125 1140 1137 1132 1111 1134 1108 1148 1118 1123 | L19: =IFERROR(__xludf.DUMMYFUNCTION("""COMPUTED_VALUE"""),50000.0) -> 50000 | Q19: =IFERROR(__xludf.DUMMYFUNCTION("""COMPUTED_VALUE"""),"09240012") -> 09240012 | R19: =IFERROR(__xludf.DUMMYFUNCTION("""COMPUTED_VALUE"""),"09240012") -> 09240012 | S19: =IFERROR(__xludf.DUMMYFUNCTION("""COMPUTED_VALUE"""),"2d88931c") -> 2d88931c | T19: =IFERROR(__xludf.DUMMYFUNCTION("""COMPUTED_VALUE"""),"PT Dunia Berkat Marga Mulya") -> PT Dunia Berkat Marga Mulya | U19: =IFERROR(__xludf.DUMMYFUNCTION("""COMPUTED_VALUE"""),45547.406319444446) -> 45547.406 | V19: =IFERROR(__xludf.DUMMYFUNCTION("""COMPUTED_VALUE"""),"JL JABARAN, WATESARI, BALONGBENDO, SIDOARJO, JAWA TIMUR") -> JL JABARAN, WATESARI, BALONGBENDO, SIDOARJO, JAWA TIMUR | W19: =IFERROR(__xludf.DUMMYFUNCTION("""COMPUTED_VALUE"""),"OUT") -> OUT | Z19: =IFERROR(__xludf.DUMMYFUNCTION("""COMPUTED_VALUE"""),"0426413073") -> 0426413073 | AA19: =IFERROR(__xludf.DUMMYFUNCTION("""COMPUTED_VALUE"""),"4102541508") -> 4102541508 | AC19: =IFERROR(__xludf.DUMMYFUNCTION("""COMPUTED_VALUE"""),"182fb0fe") -> 182fb0fe | AD19: =IFERROR(__xludf.DUMMYFUNCTION("""COMPUTED_VALUE"""),"PT Amtech") -> PT Amtech | AE19: =IFERROR(__xludf.DUMMYFUNCTION("""COMPUTED_VALUE"""),"026382531603000") -> 026382531603000 | AF19: =IFERROR(__xludf.DUMMYFUNCTION("""COMPUTED_VALUE"""),TRUE) -> TRUE | AG19: =IFERROR(__xludf.DUMMYFUNCTION("""COMPUTED_VALUE"""),"Pergudangan Kencana Trosobo Blok. C27 RT/RW.003/001, Pertapan Maduretno, Kec. Taman, Kabupaten Sidoarjo, Jawa Timur 61257") -> Pergudangan Kencana Trosobo Blok. C27 RT/RW.003/001, Pertapan Maduretno, Kec. Taman, Kabupaten Sidoarjo, Jawa Timur 61257 | AH19: =IFERROR(__xludf.DUMMYFUNCTION("""COMPUTED_VALUE"""),30.0) -> 30 | AL19: =IFERROR(__xludf.DUMMYFUNCTION("""COMPUTED_VALUE"""),"2260299") -> 2260299 | AM19: =IFERROR(__xludf.DUMMYFUNCTION("""COMPUTED_VALUE"""),"0426403048") -> 0426403048 | AN19: =IFERROR(__xludf.DUMMYFUNCTION("""COMPUTED_VALUE"""),"63fc688a") -> 63fc688a | AO19: =IFERROR(__xludf.DUMMYFUNCTION("""COMPUTED_VALUE"""),"CV Malik Nusantara") -> CV Malik Nusantara | AP19: =IFERROR(__xludf.DUMMYFUNCTION("""COMPUTED_VALUE"""),46123.53361111111) -> 46123.534 | AQ19: =IFERROR(__xludf.DUMMYFUNCTION("""COMPUTED_VALUE"""),46123.0) -> 46123 | AS19: =IFERROR(__xludf.DUMMYFUNCTION("""COMPUTED_VALUE"""),"182fb0fe") -> 182fb0fe | AT19: =IFERROR(__xludf.DUMMYFUNCTION("""COMPUTED_VALUE"""),"PT Amtech") -> PT Amtech | AU19: =IFERROR(__xludf.DUMMYFUNCTION("""COMPUTED_VALUE"""),"026382531603000") -> 026382531603000 | AV19: =IFERROR(__xludf.DUMMYFUNCTION("""COMPUTED_VALUE"""),TRUE) -> TRUE | AW19: =IFERROR(__xludf.DUMMYFUNCTION("""COMPUTED_VALUE"""),"Pergudangan Kencana Trosobo Blok. C27 RT/RW.003/001, Pertapan Maduretno, Kec. Taman, Kabupaten Sidoarjo, Jawa Timur 61257") -> Pergudangan Kencana Trosobo Blok. C27 RT/RW.003/001, Pertapan Maduretno, Kec. Taman, Kabupaten Sidoarjo, Jawa Timur 61257 | AX19: =IFERROR(__xludf.DUMMYFUNCTION("""COMPUTED_VALUE"""),30.0) -> 30 | BB19: =IFERROR(__xludf.DUMMYFUNCTION("""COMPUTED_VALUE"""),"9c403f38") -> 9c403f38 | BC19: =IFERROR(__xludf.DUMMYFUNCTION("""COMPUTED_VALUE"""),"Tabung 7m3 + O2") -> Tabung 7m3 + O2 | BD19: =IFERROR(__xludf.DUMMYFUNCTION("""COMPUTED_VALUE"""),"SELL") -> SELL | BE19: =IFERROR(__xludf.DUMMYFUNCTION("""COMPUTED_VALUE"""),"MR") -> MR | BF19: =IFERROR(__xludf.DUMMYFUNCTION("""COMPUTED_VALUE"""),"Btl") -> Btl | BH19: =IFERROR(__xludf.DUMMYFUNCTION("""COMPUTED_VALUE"""),FALSE) -> FALSE
A20: =IFERROR(__xludf.DUMMYFUNCTION("""COMPUTED_VALUE"""),"2af3134d") -> 2af3134d | B20: =IFERROR(__xludf.DUMMYFUNCTION("""COMPUTED_VALUE"""),"2af3134d") -> 2af3134d | C20: =IFERROR(__xludf.DUMMYFUNCTION("""COMPUTED_VALUE"""),45544.36041666667) -> 45544.36 | D20: =IFERROR(__xludf.DUMMYFUNCTION("""COMPUTED_VALUE"""),"f8335a53") -> f8335a53 | E20: =IFERROR(__xludf.DUMMYFUNCTION("""COMPUTED_VALUE"""),"CV RAGAM JAYA ENGINEERING") -> CV RAGAM JAYA ENGINEERING | F20: =IFERROR(__xludf.DUMMYFUNCTION("""COMPUTED_VALUE"""),"8bdbe149") -> 8bdbe149 | G20: =IFERROR(__xludf.DUMMYFUNCTION("""COMPUTED_VALUE"""),"Oksigen 6m3") -> Oksigen 6m3 | H20: =IFERROR(__xludf.DUMMYFUNCTION("""COMPUTED_VALUE"""),"IN") -> IN | I20: =IFERROR(__xludf.DUMMYFUNCTION("""COMPUTED_VALUE"""),"EMPTY") -> EMPTY | J20: =IFERROR(__xludf.DUMMYFUNCTION("""COMPUTED_VALUE"""),2.0) -> 2 | K20: =IFERROR(__xludf.DUMMYFUNCTION("""COMPUTED_VALUE"""),"1126 1112") -> 1126 1112 | Q20: =IFERROR(__xludf.DUMMYFUNCTION("""COMPUTED_VALUE"""),"c61daa5f") -> c61daa5f | R20: =IFERROR(__xludf.DUMMYFUNCTION("""COMPUTED_VALUE"""),"c61daa5f") -> c61daa5f | S20: =IFERROR(__xludf.DUMMYFUNCTION("""COMPUTED_VALUE"""),"f8335a53") -> f8335a53 | T20: =IFERROR(__xludf.DUMMYFUNCTION("""COMPUTED_VALUE"""),"CV RAGAM JAYA ENGINEERING") -> CV RAGAM JAYA ENGINEERING | U20: =IFERROR(__xludf.DUMMYFUNCTION("""COMPUTED_VALUE"""),45547.44578703704) -> 45547.446 | V20: =IFERROR(__xludf.DUMMYFUNCTION("""COMPUTED_VALUE"""),"Jl. Balung wangon, Dadapkuning, Bulurejo, Kec. Benjeng, Kabupaten Gresik, Jawa Timur 61172") -> Jl. Balung wangon, Dadapkuning, Bulurejo, Kec. Benjeng, Kabupaten Gresik, Jawa Timur 61172 | W20: =IFERROR(__xludf.DUMMYFUNCTION("""COMPUTED_VALUE"""),"IN") -> IN | Z20: =IFERROR(__xludf.DUMMYFUNCTION("""COMPUTED_VALUE"""),"042613072") -> 042613072 | AA20: =IFERROR(__xludf.DUMMYFUNCTION("""COMPUTED_VALUE"""),"4102521497") -> 4102521497 | AC20: =IFERROR(__xludf.DUMMYFUNCTION("""COMPUTED_VALUE"""),"3e1f004a") -> 3e1f004a | AD20: =IFERROR(__xludf.DUMMYFUNCTION("""COMPUTED_VALUE"""),"PT FKM") -> PT FKM | AF20: =IFERROR(__xludf.DUMMYFUNCTION("""COMPUTED_VALUE"""),TRUE) -> TRUE | AG20: =IFERROR(__xludf.DUMMYFUNCTION("""COMPUTED_VALUE"""),"Jl. Raya By pass Juanda 89, Sedati Gede, Kec. Sedati, Kabupaten Sidoarjo, Jawa Timur 61253") -> Jl. Raya By pass Juanda 89, Sedati Gede, Kec. Sedati, Kabupaten Sidoarjo, Jawa Timur 61253 | AH20: =IFERROR(__xludf.DUMMYFUNCTION("""COMPUTED_VALUE"""),30.0) -> 30 | AL20: =IFERROR(__xludf.DUMMYFUNCTION("""COMPUTED_VALUE"""),"2260298") -> 2260298 | AM20: =IFERROR(__xludf.DUMMYFUNCTION("""COMPUTED_VALUE"""),"042622977") -> 042622977 | AN20: =IFERROR(__xludf.DUMMYFUNCTION("""COMPUTED_VALUE"""),"89d46c39") -> 89d46c39 | AO20: =IFERROR(__xludf.DUMMYFUNCTION("""COMPUTED_VALUE"""),"PT Cakar Baja Persada") -> PT Cakar Baja Persada | AP20: =IFERROR(__xludf.DUMMYFUNCTION("""COMPUTED_VALUE"""),46118.47246527778) -> 46118.472 | AQ20: =IFERROR(__xludf.DUMMYFUNCTION("""COMPUTED_VALUE"""),46116.0) -> 46116 | AS20: =IFERROR(__xludf.DUMMYFUNCTION("""COMPUTED_VALUE"""),"3e1f004a") -> 3e1f004a | AT20: =IFERROR(__xludf.DUMMYFUNCTION("""COMPUTED_VALUE"""),"PT FKM") -> PT FKM | AV20: =IFERROR(__xludf.DUMMYFUNCTION("""COMPUTED_VALUE"""),TRUE) -> TRUE | AW20: =IFERROR(__xludf.DUMMYFUNCTION("""COMPUTED_VALUE"""),"Jl. Raya By pass Juanda 89, Sedati Gede, Kec. Sedati, Kabupaten Sidoarjo, Jawa Timur 61253") -> Jl. Raya By pass Juanda 89, Sedati Gede, Kec. Sedati, Kabupaten Sidoarjo, Jawa Timur 61253 | AX20: =IFERROR(__xludf.DUMMYFUNCTION("""COMPUTED_VALUE"""),30.0) -> 30 | BB20: =IFERROR(__xludf.DUMMYFUNCTION("""COMPUTED_VALUE"""),"93c00077") -> 93c00077 | BC20: =IFERROR(__xludf.DUMMYFUNCTION("""COMPUTED_VALUE"""),"Valve CO2") -> Valve CO2 | BD20: =IFERROR(__xludf.DUMMYFUNCTION("""COMPUTED_VALUE"""),"SELL") -> SELL | BE20: =IFERROR(__xludf.DUMMYFUNCTION("""COMPUTED_VALUE"""),"MR") -> MR | BF20: =IFERROR(__xludf.DUMMYFUNCTION("""COMPUTED_VALUE"""),"Pcs") -> Pcs | BH20: =IFERROR(__xludf.DUMMYFUNCTION("""COMPUTED_VALUE"""),FALSE) -> FALSE
A21: =IFERROR(__xludf.DUMMYFUNCTION("""COMPUTED_VALUE"""),"b777759c") -> b777759c | B21: =IFERROR(__xludf.DUMMYFUNCTION("""COMPUTED_VALUE"""),"b777759c") -> b777759c | C21: =IFERROR(__xludf.DUMMYFUNCTION("""COMPUTED_VALUE"""),45544.36111111111) -> 45544.361 | D21: =IFERROR(__xludf.DUMMYFUNCTION("""COMPUTED_VALUE"""),"a9fe1bea") -> a9fe1bea | E21: =IFERROR(__xludf.DUMMYFUNCTION("""COMPUTED_VALUE"""),"H. Suheiri") -> H. Suheiri | F21: =IFERROR(__xludf.DUMMYFUNCTION("""COMPUTED_VALUE"""),"8bdbe149") -> 8bdbe149 | G21: =IFERROR(__xludf.DUMMYFUNCTION("""COMPUTED_VALUE"""),"Oksigen 6m3") -> Oksigen 6m3 | H21: =IFERROR(__xludf.DUMMYFUNCTION("""COMPUTED_VALUE"""),"IN") -> IN | I21: =IFERROR(__xludf.DUMMYFUNCTION("""COMPUTED_VALUE"""),"EMPTY") -> EMPTY | J21: =IFERROR(__xludf.DUMMYFUNCTION("""COMPUTED_VALUE"""),8.0) -> 8 | K21: =IFERROR(__xludf.DUMMYFUNCTION("""COMPUTED_VALUE"""),"1111 1123 1134 1125 1108 1118 1148 1140") -> 1111 1123 1134 1125 1108 1118 1148 1140 | Q21: =IFERROR(__xludf.DUMMYFUNCTION("""COMPUTED_VALUE"""),"09240014") -> 09240014 | R21: =IFERROR(__xludf.DUMMYFUNCTION("""COMPUTED_VALUE"""),"09240014") -> 09240014 | S21: =IFERROR(__xludf.DUMMYFUNCTION("""COMPUTED_VALUE"""),"f8335a53") -> f8335a53 | T21: =IFERROR(__xludf.DUMMYFUNCTION("""COMPUTED_VALUE"""),"CV RAGAM JAYA ENGINEERING") -> CV RAGAM JAYA ENGINEERING | U21: =IFERROR(__xludf.DUMMYFUNCTION("""COMPUTED_VALUE"""),45548.444444444445) -> 45548.444 | V21: =IFERROR(__xludf.DUMMYFUNCTION("""COMPUTED_VALUE"""),"Jl. Balung wangon, Dadapkuning, Bulurejo, Kec. Benjeng, Kabupaten Gresik, Jawa Timur 61172") -> Jl. Balung wangon, Dadapkuning, Bulurejo, Kec. Benjeng, Kabupaten Gresik, Jawa Timur 61172 | W21: =IFERROR(__xludf.DUMMYFUNCTION("""COMPUTED_VALUE"""),"OUT") -> OUT | Z21: =IFERROR(__xludf.DUMMYFUNCTION("""COMPUTED_VALUE"""),"0426183070") -> 0426183070 | AA21: =IFERROR(__xludf.DUMMYFUNCTION("""COMPUTED_VALUE"""),"4102531467") -> 4102531467 | AC21: =IFERROR(__xludf.DUMMYFUNCTION("""COMPUTED_VALUE"""),"dc4a076e") -> dc4a076e | AD21: =IFERROR(__xludf.DUMMYFUNCTION("""COMPUTED_VALUE"""),"Bpk. Rudi") -> Bpk. Rudi | AF21: =IFERROR(__xludf.DUMMYFUNCTION("""COMPUTED_VALUE"""),FALSE) -> FALSE | AG21: =IFERROR(__xludf.DUMMYFUNCTION("""COMPUTED_VALUE"""),"Krajan I, Wringinanom, Kec. Wringinanom, Kabupaten Gresik, Jawa Timur 61176") -> Krajan I, Wringinanom, Kec. Wringinanom, Kabupaten Gresik, Jawa Timur 61176 | AH21: =IFERROR(__xludf.DUMMYFUNCTION("""COMPUTED_VALUE"""),30.0) -> 30 | AL21: =IFERROR(__xludf.DUMMYFUNCTION("""COMPUTED_VALUE"""),"2260295") -> 2260295 | AM21: =IFERROR(__xludf.DUMMYFUNCTION("""COMPUTED_VALUE"""),"022622456") -> 022622456 | AN21: =IFERROR(__xludf.DUMMYFUNCTION("""COMPUTED_VALUE"""),"057b6b99") -> 057b6b99 | AO21: =IFERROR(__xludf.DUMMYFUNCTION("""COMPUTED_VALUE"""),"PT Anuta Utama Transport") -> PT Anuta Utama Transport | AP21: =IFERROR(__xludf.DUMMYFUNCTION("""COMPUTED_VALUE"""),46112.551030092596) -> 46112.551 | AQ21: =IFERROR(__xludf.DUMMYFUNCTION("""COMPUTED_VALUE"""),46057.0) -> 46057 | AS21: =IFERROR(__xludf.DUMMYFUNCTION("""COMPUTED_VALUE"""),"dc4a076e") -> dc4a076e | AT21: =IFERROR(__xludf.DUMMYFUNCTION("""COMPUTED_VALUE"""),"Bpk. Rudi") -> Bpk. Rudi | AV21: =IFERROR(__xludf.DUMMYFUNCTION("""COMPUTED_VALUE"""),FALSE) -> FALSE | AW21: =IFERROR(__xludf.DUMMYFUNCTION("""COMPUTED_VALUE"""),"Krajan I, Wringinanom, Kec. Wringinanom, Kabupaten Gresik, Jawa Timur 61176") -> Krajan I, Wringinanom, Kec. Wringinanom, Kabupaten Gresik, Jawa Timur 61176 | AX21: =IFERROR(__xludf.DUMMYFUNCTION("""COMPUTED_VALUE"""),30.0) -> 30 | BB21: =IFERROR(__xludf.DUMMYFUNCTION("""COMPUTED_VALUE"""),"0e3fc7f3") -> 0e3fc7f3 | BC21: =IFERROR(__xludf.DUMMYFUNCTION("""COMPUTED_VALUE"""),"Acetylene MR") -> Acetylene MR | BD21: =IFERROR(__xludf.DUMMYFUNCTION("""COMPUTED_VALUE"""),"RENT") -> RENT | BE21: =IFERROR(__xludf.DUMMYFUNCTION("""COMPUTED_VALUE"""),"MR") -> MR | BF21: =IFERROR(__xludf.DUMMYFUNCTION("""COMPUTED_VALUE"""),"Btl") -> Btl | BH21: =IFERROR(__xludf.DUMMYFUNCTION("""COMPUTED_VALUE"""),FALSE) -> FALSE
A22: =IFERROR(__xludf.DUMMYFUNCTION("""COMPUTED_VALUE"""),"09240011") -> 09240011 | B22: =IFERROR(__xludf.DUMMYFUNCTION("""COMPUTED_VALUE"""),"09240011") -> 09240011 | C22: =IFERROR(__xludf.DUMMYFUNCTION("""COMPUTED_VALUE"""),45545.51719907407) -> 45545.517 | D22: =IFERROR(__xludf.DUMMYFUNCTION("""COMPUTED_VALUE"""),"e86baf3b") -> e86baf3b | E22: =IFERROR(__xludf.DUMMYFUNCTION("""COMPUTED_VALUE"""),"PT GEMILANG CIPTA WAWASAN") -> PT GEMILANG CIPTA WAWASAN | F22: =IFERROR(__xludf.DUMMYFUNCTION("""COMPUTED_VALUE"""),"8bdbe149") -> 8bdbe149 | G22: =IFERROR(__xludf.DUMMYFUNCTION("""COMPUTED_VALUE"""),"Oksigen 6m3") -> Oksigen 6m3 | H22: =IFERROR(__xludf.DUMMYFUNCTION("""COMPUTED_VALUE"""),"OUT") -> OUT | I22: =IFERROR(__xludf.DUMMYFUNCTION("""COMPUTED_VALUE"""),"NORMAL") -> NORMAL | J22: =IFERROR(__xludf.DUMMYFUNCTION("""COMPUTED_VALUE"""),15.0) -> 15 | K22: =IFERROR(__xludf.DUMMYFUNCTION("""COMPUTED_VALUE"""),"1134 1118 1112 1145 1127 1130 1144 1108 1140 1148 1111 1125 1126 1124 1139") -> 1134 1118 1112 1145 1127 1130 1144 1108 1140 1148 1111 1125 1126 1124 1139 | L22: =IFERROR(__xludf.DUMMYFUNCTION("""COMPUTED_VALUE"""),60000.0) -> 60000 | Q22: =IFERROR(__xludf.DUMMYFUNCTION("""COMPUTED_VALUE"""),"09240015") -> 09240015 | R22: =IFERROR(__xludf.DUMMYFUNCTION("""COMPUTED_VALUE"""),"09240015") -> 09240015 | S22: =IFERROR(__xludf.DUMMYFUNCTION("""COMPUTED_VALUE"""),"7b9d8eba") -> 7b9d8eba | T22: =IFERROR(__xludf.DUMMYFUNCTION("""COMPUTED_VALUE"""),"PT PELANGI INDOKARYA") -> PT PELANGI INDOKARYA | U22: =IFERROR(__xludf.DUMMYFUNCTION("""COMPUTED_VALUE"""),45548.4487037037) -> 45548.449 | V22: =IFERROR(__xludf.DUMMYFUNCTION("""COMPUTED_VALUE"""),"Jl Medokan Semampir Indah Sukokilo No 129 RT. 005 RW. 008 Medokan Semampir Sukokilo Kota Surabaya Jawa Timur 60119") -> Jl Medokan Semampir Indah Sukokilo No 129 RT. 005 RW. 008 Medokan Semampir Sukokilo Kota Surabaya Jawa Timur 60119 | W22: =IFERROR(__xludf.DUMMYFUNCTION("""COMPUTED_VALUE"""),"OUT") -> OUT | Z22: =IFERROR(__xludf.DUMMYFUNCTION("""COMPUTED_VALUE"""),"042643069") -> 042643069 | AA22: =IFERROR(__xludf.DUMMYFUNCTION("""COMPUTED_VALUE"""),"4102511419") -> 4102511419 | AC22: =IFERROR(__xludf.DUMMYFUNCTION("""COMPUTED_VALUE"""),"2a67569a") -> 2a67569a | AD22: =IFERROR(__xludf.DUMMYFUNCTION("""COMPUTED_VALUE"""),"PT REKAYASA CAHAYA CEMERLANG") -> PT REKAYASA CAHAYA CEMERLANG | AE22: =IFERROR(__xludf.DUMMYFUNCTION("""COMPUTED_VALUE"""),"663188902643000") -> 663188902643000 | AF22: =IFERROR(__xludf.DUMMYFUNCTION("""COMPUTED_VALUE"""),TRUE) -> TRUE | AG22: =IFERROR(__xludf.DUMMYFUNCTION("""COMPUTED_VALUE"""),"Pergudangan Tritan Taman Blok C No. 39 Jemundo, Taman, Kab. Sidoarjo, Jawa Timur 61257") -> Pergudangan Tritan Taman Blok C No. 39 Jemundo, Taman, Kab. Sidoarjo, Jawa Timur 61257 | AH22: =IFERROR(__xludf.DUMMYFUNCTION("""COMPUTED_VALUE"""),14.0) -> 14 | AL22: =IFERROR(__xludf.DUMMYFUNCTION("""COMPUTED_VALUE"""),"2260295") -> 2260295 | AM22: =IFERROR(__xludf.DUMMYFUNCTION("""COMPUTED_VALUE"""),"022632576") -> 022632576 | AN22: =IFERROR(__xludf.DUMMYFUNCTION("""COMPUTED_VALUE"""),"057b6b99") -> 057b6b99 | AO22: =IFERROR(__xludf.DUMMYFUNCTION("""COMPUTED_VALUE"""),"PT Anuta Utama Transport") -> PT Anuta Utama Transport | AP22: =IFERROR(__xludf.DUMMYFUNCTION("""COMPUTED_VALUE"""),46112.551030092596) -> 46112.551 | AQ22: =IFERROR(__xludf.DUMMYFUNCTION("""COMPUTED_VALUE"""),46069.0) -> 46069 | AS22: =IFERROR(__xludf.DUMMYFUNCTION("""COMPUTED_VALUE"""),"2a67569a") -> 2a67569a | AT22: =IFERROR(__xludf.DUMMYFUNCTION("""COMPUTED_VALUE"""),"PT REKAYASA CAHAYA CEMERLANG") -> PT REKAYASA CAHAYA CEMERLANG | AU22: =IFERROR(__xludf.DUMMYFUNCTION("""COMPUTED_VALUE"""),"663188902643000") -> 663188902643000 | AV22: =IFERROR(__xludf.DUMMYFUNCTION("""COMPUTED_VALUE"""),TRUE) -> TRUE | AW22: =IFERROR(__xludf.DUMMYFUNCTION("""COMPUTED_VALUE"""),"Pergudangan Tritan Taman Blok C No. 39 Jemundo, Taman, Kab. Sidoarjo, Jawa Timur 61257") -> Pergudangan Tritan Taman Blok C No. 39 Jemundo, Taman, Kab. Sidoarjo, Jawa Timur 61257 | AX22: =IFERROR(__xludf.DUMMYFUNCTION("""COMPUTED_VALUE"""),14.0) -> 14 | BB22: =IFERROR(__xludf.DUMMYFUNCTION("""COMPUTED_VALUE"""),"f13ba52f") -> f13ba52f | BC22: =IFERROR(__xludf.DUMMYFUNCTION("""COMPUTED_VALUE"""),"Ongkos Kirim (Non PPN)") -> Ongkos Kirim (Non PPN) | BD22: =IFERROR(__xludf.DUMMYFUNCTION("""COMPUTED_VALUE"""),"SERV") -> SERV | BF22: =IFERROR(__xludf.DUMMYFUNCTION("""COMPUTED_VALUE"""),"Jasa") -> Jasa | BH22: =IFERROR(__xludf.DUMMYFUNCTION("""COMPUTED_VALUE"""),FALSE) -> FALSE
A23: =IFERROR(__xludf.DUMMYFUNCTION("""COMPUTED_VALUE"""),"09240011") -> 09240011 | B23: =IFERROR(__xludf.DUMMYFUNCTION("""COMPUTED_VALUE"""),"09240011") -> 09240011 | C23: =IFERROR(__xludf.DUMMYFUNCTION("""COMPUTED_VALUE"""),45545.519733796296) -> 45545.52 | D23: =IFERROR(__xludf.DUMMYFUNCTION("""COMPUTED_VALUE"""),"e86baf3b") -> e86baf3b | E23: =IFERROR(__xludf.DUMMYFUNCTION("""COMPUTED_VALUE"""),"PT GEMILANG CIPTA WAWASAN") -> PT GEMILANG CIPTA WAWASAN | F23: =IFERROR(__xludf.DUMMYFUNCTION("""COMPUTED_VALUE"""),"be525f3b") -> be525f3b | G23: =IFERROR(__xludf.DUMMYFUNCTION("""COMPUTED_VALUE"""),"LPG 12kg") -> LPG 12kg | H23: =IFERROR(__xludf.DUMMYFUNCTION("""COMPUTED_VALUE"""),"OUT") -> OUT | I23: =IFERROR(__xludf.DUMMYFUNCTION("""COMPUTED_VALUE"""),"NORMAL") -> NORMAL | J23: =IFERROR(__xludf.DUMMYFUNCTION("""COMPUTED_VALUE"""),5.0) -> 5 | K23: =IFERROR(__xludf.DUMMYFUNCTION("""COMPUTED_VALUE"""),"L28 L25 L26 L27 L24") -> L28 L25 L26 L27 L24 | L23: =IFERROR(__xludf.DUMMYFUNCTION("""COMPUTED_VALUE"""),210000.0) -> 210000 | Q23: =IFERROR(__xludf.DUMMYFUNCTION("""COMPUTED_VALUE"""),"8a27a267") -> 8a27a267 | R23: =IFERROR(__xludf.DUMMYFUNCTION("""COMPUTED_VALUE"""),"8a27a267") -> 8a27a267 | S23: =IFERROR(__xludf.DUMMYFUNCTION("""COMPUTED_VALUE"""),"f8335a53") -> f8335a53 | T23: =IFERROR(__xludf.DUMMYFUNCTION("""COMPUTED_VALUE"""),"CV RAGAM JAYA ENGINEERING") -> CV RAGAM JAYA ENGINEERING | U23: =IFERROR(__xludf.DUMMYFUNCTION("""COMPUTED_VALUE"""),45549.46349537037) -> 45549.463 | V23: =IFERROR(__xludf.DUMMYFUNCTION("""COMPUTED_VALUE"""),"Jl. Balung wangon, Dadapkuning, Bulurejo, Kec. Benjeng, Kabupaten Gresik, Jawa Timur 61172") -> Jl. Balung wangon, Dadapkuning, Bulurejo, Kec. Benjeng, Kabupaten Gresik, Jawa Timur 61172 | W23: =IFERROR(__xludf.DUMMYFUNCTION("""COMPUTED_VALUE"""),"IN") -> IN | Z23: =IFERROR(__xludf.DUMMYFUNCTION("""COMPUTED_VALUE"""),"042653062") -> 042653062 | AA23: =IFERROR(__xludf.DUMMYFUNCTION("""COMPUTED_VALUE"""),"4102511347") -> 4102511347 | AC23: =IFERROR(__xludf.DUMMYFUNCTION("""COMPUTED_VALUE"""),"103f3ae7") -> 103f3ae7 | AD23: =IFERROR(__xludf.DUMMYFUNCTION("""COMPUTED_VALUE"""),"PT ARYANA CAKASANA") -> PT ARYANA CAKASANA | AE23: =IFERROR(__xludf.DUMMYFUNCTION("""COMPUTED_VALUE"""),"0015325533609000") -> 0015325533609000 | AF23: =IFERROR(__xludf.DUMMYFUNCTION("""COMPUTED_VALUE"""),TRUE) -> TRUE | AG23: =IFERROR(__xludf.DUMMYFUNCTION("""COMPUTED_VALUE"""),"Jl Raya Tarik No. 45, Wonokupang, Bakalan, Balongbendo") -> Jl Raya Tarik No. 45, Wonokupang, Bakalan, Balongbendo | AH23: =IFERROR(__xludf.DUMMYFUNCTION("""COMPUTED_VALUE"""),60.0) -> 60 | AL23: =IFERROR(__xludf.DUMMYFUNCTION("""COMPUTED_VALUE"""),"2260295") -> 2260295 | AM23: =IFERROR(__xludf.DUMMYFUNCTION("""COMPUTED_VALUE"""),"032642730") -> 032642730 | AN23: =IFERROR(__xludf.DUMMYFUNCTION("""COMPUTED_VALUE"""),"057b6b99") -> 057b6b99 | AO23: =IFERROR(__xludf.DUMMYFUNCTION("""COMPUTED_VALUE"""),"PT Anuta Utama Transport") -> PT Anuta Utama Transport | AP23: =IFERROR(__xludf.DUMMYFUNCTION("""COMPUTED_VALUE"""),46112.551030092596) -> 46112.551 | AQ23: =IFERROR(__xludf.DUMMYFUNCTION("""COMPUTED_VALUE"""),46085.0) -> 46085 | AS23: =IFERROR(__xludf.DUMMYFUNCTION("""COMPUTED_VALUE"""),"103f3ae7") -> 103f3ae7 | AT23: =IFERROR(__xludf.DUMMYFUNCTION("""COMPUTED_VALUE"""),"PT ARYANA CAKASANA") -> PT ARYANA CAKASANA | AU23: =IFERROR(__xludf.DUMMYFUNCTION("""COMPUTED_VALUE"""),"0015325533609000") -> 0015325533609000 | AV23: =IFERROR(__xludf.DUMMYFUNCTION("""COMPUTED_VALUE"""),TRUE) -> TRUE | AW23: =IFERROR(__xludf.DUMMYFUNCTION("""COMPUTED_VALUE"""),"Jl Raya Tarik No. 45, Wonokupang, Bakalan, Balongbendo") -> Jl Raya Tarik No. 45, Wonokupang, Bakalan, Balongbendo | AX23: =IFERROR(__xludf.DUMMYFUNCTION("""COMPUTED_VALUE"""),60.0) -> 60 | BB23: =IFERROR(__xludf.DUMMYFUNCTION("""COMPUTED_VALUE"""),"adc2bd7c") -> adc2bd7c | BC23: =IFERROR(__xludf.DUMMYFUNCTION("""COMPUTED_VALUE"""),"LPG 12kg (Tbg + Isi)") -> LPG 12kg (Tbg + Isi) | BD23: =IFERROR(__xludf.DUMMYFUNCTION("""COMPUTED_VALUE"""),"SELL") -> SELL | BF23: =IFERROR(__xludf.DUMMYFUNCTION("""COMPUTED_VALUE"""),"Btl") -> Btl | BH23: =IFERROR(__xludf.DUMMYFUNCTION("""COMPUTED_VALUE"""),FALSE) -> FALSE
A24: =IFERROR(__xludf.DUMMYFUNCTION("""COMPUTED_VALUE"""),"09240012") -> 09240012 | B24: =IFERROR(__xludf.DUMMYFUNCTION("""COMPUTED_VALUE"""),"09240012") -> 09240012 | C24: =IFERROR(__xludf.DUMMYFUNCTION("""COMPUTED_VALUE"""),45547.406319444446) -> 45547.406 | D24: =IFERROR(__xludf.DUMMYFUNCTION("""COMPUTED_VALUE"""),"2d88931c") -> 2d88931c | E24: =IFERROR(__xludf.DUMMYFUNCTION("""COMPUTED_VALUE"""),"PT Dunia Berkat Marga Mulya") -> PT Dunia Berkat Marga Mulya | F24: =IFERROR(__xludf.DUMMYFUNCTION("""COMPUTED_VALUE"""),"8bdbe149") -> 8bdbe149 | G24: =IFERROR(__xludf.DUMMYFUNCTION("""COMPUTED_VALUE"""),"Oksigen 6m3") -> Oksigen 6m3 | H24: =IFERROR(__xludf.DUMMYFUNCTION("""COMPUTED_VALUE"""),"OUT") -> OUT | I24: =IFERROR(__xludf.DUMMYFUNCTION("""COMPUTED_VALUE"""),"NORMAL") -> NORMAL | J24: =IFERROR(__xludf.DUMMYFUNCTION("""COMPUTED_VALUE"""),5.0) -> 5 | K24: =IFERROR(__xludf.DUMMYFUNCTION("""COMPUTED_VALUE"""),"1123 1114 1147 1150 1101") -> 1123 1114 1147 1150 1101 | L24: =IFERROR(__xludf.DUMMYFUNCTION("""COMPUTED_VALUE"""),60000.0) -> 60000 | Q24: =IFERROR(__xludf.DUMMYFUNCTION("""COMPUTED_VALUE"""),"09240017") -> 09240017 | R24: =IFERROR(__xludf.DUMMYFUNCTION("""COMPUTED_VALUE"""),"09240017") -> 09240017 | S24: =IFERROR(__xludf.DUMMYFUNCTION("""COMPUTED_VALUE"""),"7b9d8eba") -> 7b9d8eba | T24: =IFERROR(__xludf.DUMMYFUNCTION("""COMPUTED_VALUE"""),"PT PELANGI INDOKARYA") -> PT PELANGI INDOKARYA | U24: =IFERROR(__xludf.DUMMYFUNCTION("""COMPUTED_VALUE"""),45552.52795138889) -> 45552.528 | V24: =IFERROR(__xludf.DUMMYFUNCTION("""COMPUTED_VALUE"""),"Jl Medokan Semampir Indah Sukokilo No 129 RT. 005 RW. 008 Medokan Semampir Sukokilo Kota Surabaya Jawa Timur 60119") -> Jl Medokan Semampir Indah Sukokilo No 129 RT. 005 RW. 008 Medokan Semampir Sukokilo Kota Surabaya Jawa Timur 60119 | W24: =IFERROR(__xludf.DUMMYFUNCTION("""COMPUTED_VALUE"""),"OUT") -> OUT | Z24: =IFERROR(__xludf.DUMMYFUNCTION("""COMPUTED_VALUE"""),"042623061") -> 042623061 | AA24: =IFERROR(__xludf.DUMMYFUNCTION("""COMPUTED_VALUE"""),"4092521303") -> 4092521303 | AC24: =IFERROR(__xludf.DUMMYFUNCTION("""COMPUTED_VALUE"""),"9419f673") -> 9419f673 | AD24: =IFERROR(__xludf.DUMMYFUNCTION("""COMPUTED_VALUE"""),"PT LONG XING LOGAM INDONESIA") -> PT LONG XING LOGAM INDONESIA | AF24: =IFERROR(__xludf.DUMMYFUNCTION("""COMPUTED_VALUE"""),FALSE) -> FALSE | AG24: =IFERROR(__xludf.DUMMYFUNCTION("""COMPUTED_VALUE"""),"Jl. Raya Wringinanom, Tanggungan, Lebaniwaras, Kec. Wringinanom, Kabupaten Gresik, Jawa Timur 61176") -> Jl. Raya Wringinanom, Tanggungan, Lebaniwaras, Kec. Wringinanom, Kabupaten Gresik, Jawa Timur 61176 | AL24: =IFERROR(__xludf.DUMMYFUNCTION("""COMPUTED_VALUE"""),"2260293") -> 2260293 | AM24: =IFERROR(__xludf.DUMMYFUNCTION("""COMPUTED_VALUE"""),"0326272913") -> 0326272913 | AN24: =IFERROR(__xludf.DUMMYFUNCTION("""COMPUTED_VALUE"""),"7b9d8eba") -> 7b9d8eba | AO24: =IFERROR(__xludf.DUMMYFUNCTION("""COMPUTED_VALUE"""),"PT PELANGI INDOKARYA") -> PT PELANGI INDOKARYA | AP24: =IFERROR(__xludf.DUMMYFUNCTION("""COMPUTED_VALUE"""),46112.5372337963) -> 46112.537 | AQ24: =IFERROR(__xludf.DUMMYFUNCTION("""COMPUTED_VALUE"""),46111.0) -> 46111 | AS24: =IFERROR(__xludf.DUMMYFUNCTION("""COMPUTED_VALUE"""),"9419f673") -> 9419f673 | AT24: =IFERROR(__xludf.DUMMYFUNCTION("""COMPUTED_VALUE"""),"PT LONG XING LOGAM INDONESIA") -> PT LONG XING LOGAM INDONESIA | AV24: =IFERROR(__xludf.DUMMYFUNCTION("""COMPUTED_VALUE"""),FALSE) -> FALSE | AW24: =IFERROR(__xludf.DUMMYFUNCTION("""COMPUTED_VALUE"""),"Jl. Raya Wringinanom, Tanggungan, Lebaniwaras, Kec. Wringinanom, Kabupaten Gresik, Jawa Timur 61176") -> Jl. Raya Wringinanom, Tanggungan, Lebaniwaras, Kec. Wringinanom, Kabupaten Gresik, Jawa Timur 61176 | BB24: =IFERROR(__xludf.DUMMYFUNCTION("""COMPUTED_VALUE"""),"f218d855") -> f218d855 | BC24: =IFERROR(__xludf.DUMMYFUNCTION("""COMPUTED_VALUE"""),"YR-78 Arg Welding Regulator") -> YR-78 Arg Welding Regulator | BD24: =IFERROR(__xludf.DUMMYFUNCTION("""COMPUTED_VALUE"""),"SELL") -> SELL | BF24: =IFERROR(__xludf.DUMMYFUNCTION("""COMPUTED_VALUE"""),"Pcs") -> Pcs | BH24: =IFERROR(__xludf.DUMMYFUNCTION("""COMPUTED_VALUE"""),FALSE) -> FALSE
A25: =IFERROR(__xludf.DUMMYFUNCTION("""COMPUTED_VALUE"""),"c61daa5f") -> c61daa5f | B25: =IFERROR(__xludf.DUMMYFUNCTION("""COMPUTED_VALUE"""),"c61daa5f") -> c61daa5f | C25: =IFERROR(__xludf.DUMMYFUNCTION("""COMPUTED_VALUE"""),45547.44578703704) -> 45547.446 | D25: =IFERROR(__xludf.DUMMYFUNCTION("""COMPUTED_VALUE"""),"f8335a53") -> f8335a53 | E25: =IFERROR(__xludf.DUMMYFUNCTION("""COMPUTED_VALUE"""),"CV RAGAM JAYA ENGINEERING") -> CV RAGAM JAYA ENGINEERING | F25: =IFERROR(__xludf.DUMMYFUNCTION("""COMPUTED_VALUE"""),"8bdbe149") -> 8bdbe149 | G25: =IFERROR(__xludf.DUMMYFUNCTION("""COMPUTED_VALUE"""),"Oksigen 6m3") -> Oksigen 6m3 | H25: =IFERROR(__xludf.DUMMYFUNCTION("""COMPUTED_VALUE"""),"IN") -> IN | I25: =IFERROR(__xludf.DUMMYFUNCTION("""COMPUTED_VALUE"""),"EMPTY") -> EMPTY | J25: =IFERROR(__xludf.DUMMYFUNCTION("""COMPUTED_VALUE"""),3.0) -> 3 | K25: =IFERROR(__xludf.DUMMYFUNCTION("""COMPUTED_VALUE"""),"1131 1104 1135") -> 1131 1104 1135 | Q25: =IFERROR(__xludf.DUMMYFUNCTION("""COMPUTED_VALUE"""),"09240018") -> 09240018 | R25: =IFERROR(__xludf.DUMMYFUNCTION("""COMPUTED_VALUE"""),"09240018") -> 09240018 | S25: =IFERROR(__xludf.DUMMYFUNCTION("""COMPUTED_VALUE"""),"e86baf3b") -> e86baf3b | T25: =IFERROR(__xludf.DUMMYFUNCTION("""COMPUTED_VALUE"""),"PT GEMILANG CIPTA WAWASAN") -> PT GEMILANG CIPTA WAWASAN | U25: =IFERROR(__xludf.DUMMYFUNCTION("""COMPUTED_VALUE"""),45553.436377314814) -> 45553.436 | V25: =IFERROR(__xludf.DUMMYFUNCTION("""COMPUTED_VALUE"""),"JL TEBET RAYA, 2A, TEBET BARAT, TEBET, KOTA ADM, JAKARTA SELATAN, DKI JAKARTA") -> JL TEBET RAYA, 2A, TEBET BARAT, TEBET, KOTA ADM, JAKARTA SELATAN, DKI JAKARTA | W25: =IFERROR(__xludf.DUMMYFUNCTION("""COMPUTED_VALUE"""),"OUT") -> OUT | Z25: =IFERROR(__xludf.DUMMYFUNCTION("""COMPUTED_VALUE"""),"042663060") -> 042663060 | AA25: =IFERROR(__xludf.DUMMYFUNCTION("""COMPUTED_VALUE"""),"4092521302") -> 4092521302 | AC25: =IFERROR(__xludf.DUMMYFUNCTION("""COMPUTED_VALUE"""),"8ea74d81") -> 8ea74d81 | AD25: =IFERROR(__xludf.DUMMYFUNCTION("""COMPUTED_VALUE"""),"Bengkel Adi Putra") -> Bengkel Adi Putra | AF25: =IFERROR(__xludf.DUMMYFUNCTION("""COMPUTED_VALUE"""),FALSE) -> FALSE | AG25: =IFERROR(__xludf.DUMMYFUNCTION("""COMPUTED_VALUE"""),"Bypass Balongbendo") -> Bypass Balongbendo | AH25: =IFERROR(__xludf.DUMMYFUNCTION("""COMPUTED_VALUE"""),14.0) -> 14 | AL25: =IFERROR(__xludf.DUMMYFUNCTION("""COMPUTED_VALUE"""),"2260293") -> 2260293 | AM25: =IFERROR(__xludf.DUMMYFUNCTION("""COMPUTED_VALUE"""),"0226262702") -> 0226262702 | AN25: =IFERROR(__xludf.DUMMYFUNCTION("""COMPUTED_VALUE"""),"7b9d8eba") -> 7b9d8eba | AO25: =IFERROR(__xludf.DUMMYFUNCTION("""COMPUTED_VALUE"""),"PT PELANGI INDOKARYA") -> PT PELANGI INDOKARYA | AP25: =IFERROR(__xludf.DUMMYFUNCTION("""COMPUTED_VALUE"""),46112.5372337963) -> 46112.537 | AQ25: =IFERROR(__xludf.DUMMYFUNCTION("""COMPUTED_VALUE"""),46081.0) -> 46081 | AS25: =IFERROR(__xludf.DUMMYFUNCTION("""COMPUTED_VALUE"""),"8ea74d81") -> 8ea74d81 | AT25: =IFERROR(__xludf.DUMMYFUNCTION("""COMPUTED_VALUE"""),"Bengkel Adi Putra") -> Bengkel Adi Putra | AV25: =IFERROR(__xludf.DUMMYFUNCTION("""COMPUTED_VALUE"""),FALSE) -> FALSE | AW25: =IFERROR(__xludf.DUMMYFUNCTION("""COMPUTED_VALUE"""),"Bypass Balongbendo") -> Bypass Balongbendo | AX25: =IFERROR(__xludf.DUMMYFUNCTION("""COMPUTED_VALUE"""),14.0) -> 14 | BB25: =IFERROR(__xludf.DUMMYFUNCTION("""COMPUTED_VALUE"""),"2e2560f8") -> 2e2560f8 | BC25: =IFERROR(__xludf.DUMMYFUNCTION("""COMPUTED_VALUE"""),"Bonit Valve") -> Bonit Valve | BD25: =IFERROR(__xludf.DUMMYFUNCTION("""COMPUTED_VALUE"""),"SELL") -> SELL | BF25: =IFERROR(__xludf.DUMMYFUNCTION("""COMPUTED_VALUE"""),"Pcs") -> Pcs | BG25: =IFERROR(__xludf.DUMMYFUNCTION("""COMPUTED_VALUE"""),"Bonit") -> Bonit | BH25: =IFERROR(__xludf.DUMMYFUNCTION("""COMPUTED_VALUE"""),FALSE) -> FALSE
A26: =IFERROR(__xludf.DUMMYFUNCTION("""COMPUTED_VALUE"""),"09240014") -> 09240014 | B26: =IFERROR(__xludf.DUMMYFUNCTION("""COMPUTED_VALUE"""),"09240014") -> 09240014 | C26: =IFERROR(__xludf.DUMMYFUNCTION("""COMPUTED_VALUE"""),45548.444444444445) -> 45548.444 | D26: =IFERROR(__xludf.DUMMYFUNCTION("""COMPUTED_VALUE"""),"f8335a53") -> f8335a53 | E26: =IFERROR(__xludf.DUMMYFUNCTION("""COMPUTED_VALUE"""),"CV RAGAM JAYA ENGINEERING") -> CV RAGAM JAYA ENGINEERING | F26: =IFERROR(__xludf.DUMMYFUNCTION("""COMPUTED_VALUE"""),"be525f3b") -> be525f3b | G26: =IFERROR(__xludf.DUMMYFUNCTION("""COMPUTED_VALUE"""),"LPG 12kg") -> LPG 12kg | H26: =IFERROR(__xludf.DUMMYFUNCTION("""COMPUTED_VALUE"""),"OUT") -> OUT | I26: =IFERROR(__xludf.DUMMYFUNCTION("""COMPUTED_VALUE"""),"NORMAL") -> NORMAL | J26: =IFERROR(__xludf.DUMMYFUNCTION("""COMPUTED_VALUE"""),3.0) -> 3 | L26: =IFERROR(__xludf.DUMMYFUNCTION("""COMPUTED_VALUE"""),225000.0) -> 225000 | Q26: =IFERROR(__xludf.DUMMYFUNCTION("""COMPUTED_VALUE"""),"bd6a36bd") -> bd6a36bd | R26: =IFERROR(__xludf.DUMMYFUNCTION("""COMPUTED_VALUE"""),"bd6a36bd") -> bd6a36bd | S26: =IFERROR(__xludf.DUMMYFUNCTION("""COMPUTED_VALUE"""),"7b9d8eba") -> 7b9d8eba | T26: =IFERROR(__xludf.DUMMYFUNCTION("""COMPUTED_VALUE"""),"PT PELANGI INDOKARYA") -> PT PELANGI INDOKARYA | U26: =IFERROR(__xludf.DUMMYFUNCTION("""COMPUTED_VALUE"""),45553.504004629634) -> 45553.504 | V26: =IFERROR(__xludf.DUMMYFUNCTION("""COMPUTED_VALUE"""),"Jl Medokan Semampir Indah Sukokilo No 129 RT. 005 RW. 008 Medokan Semampir Sukokilo Kota Surabaya Jawa Timur 60119") -> Jl Medokan Semampir Indah Sukokilo No 129 RT. 005 RW. 008 Medokan Semampir Sukokilo Kota Surabaya Jawa Timur 60119 | W26: =IFERROR(__xludf.DUMMYFUNCTION("""COMPUTED_VALUE"""),"IN") -> IN | Z26: =IFERROR(__xludf.DUMMYFUNCTION("""COMPUTED_VALUE"""),"0426153059") -> 0426153059 | AA26: =IFERROR(__xludf.DUMMYFUNCTION("""COMPUTED_VALUE"""),"4092521203") -> 4092521203 | AC26: =IFERROR(__xludf.DUMMYFUNCTION("""COMPUTED_VALUE"""),"ec630cd9") -> ec630cd9 | AD26: =IFERROR(__xludf.DUMMYFUNCTION("""COMPUTED_VALUE"""),"PT Dingsheng Metal Indonesia") -> PT Dingsheng Metal Indonesia | AF26: =IFERROR(__xludf.DUMMYFUNCTION("""COMPUTED_VALUE"""),FALSE) -> FALSE | AG26: =IFERROR(__xludf.DUMMYFUNCTION("""COMPUTED_VALUE"""),"Kangkungan, Lengkong, Kec. Mojoanyar, Kabupaten Mojokerto, Jawa Timur") -> Kangkungan, Lengkong, Kec. Mojoanyar, Kabupaten Mojokerto, Jawa Timur | AH26: =IFERROR(__xludf.DUMMYFUNCTION("""COMPUTED_VALUE"""),14.0) -> 14 | AL26: =IFERROR(__xludf.DUMMYFUNCTION("""COMPUTED_VALUE"""),"2260292") -> 2260292 | AM26: =IFERROR(__xludf.DUMMYFUNCTION("""COMPUTED_VALUE"""),"0326122850") -> 0326122850 | AN26: =IFERROR(__xludf.DUMMYFUNCTION("""COMPUTED_VALUE"""),"1c4d5e93") -> 1c4d5e93 | AO26: =IFERROR(__xludf.DUMMYFUNCTION("""COMPUTED_VALUE"""),"Karoseri Cipta Mitra Sukses") -> Karoseri Cipta Mitra Sukses | AP26: =IFERROR(__xludf.DUMMYFUNCTION("""COMPUTED_VALUE"""),46107.540243055555) -> 46107.54 | AQ26: =IFERROR(__xludf.DUMMYFUNCTION("""COMPUTED_VALUE"""),46094.0) -> 46094 | AS26: =IFERROR(__xludf.DUMMYFUNCTION("""COMPUTED_VALUE"""),"ec630cd9") -> ec630cd9 | AT26: =IFERROR(__xludf.DUMMYFUNCTION("""COMPUTED_VALUE"""),"PT Dingsheng Metal Indonesia") -> PT Dingsheng Metal Indonesia | AV26: =IFERROR(__xludf.DUMMYFUNCTION("""COMPUTED_VALUE"""),FALSE) -> FALSE | AW26: =IFERROR(__xludf.DUMMYFUNCTION("""COMPUTED_VALUE"""),"Kangkungan, Lengkong, Kec. Mojoanyar, Kabupaten Mojokerto, Jawa Timur") -> Kangkungan, Lengkong, Kec. Mojoanyar, Kabupaten Mojokerto, Jawa Timur | AX26: =IFERROR(__xludf.DUMMYFUNCTION("""COMPUTED_VALUE"""),14.0) -> 14 | BB26: =IFERROR(__xludf.DUMMYFUNCTION("""COMPUTED_VALUE"""),"fbe0ee2c") -> fbe0ee2c | BC26: =IFERROR(__xludf.DUMMYFUNCTION("""COMPUTED_VALUE"""),"Valve O2") -> Valve O2 | BD26: =IFERROR(__xludf.DUMMYFUNCTION("""COMPUTED_VALUE"""),"SELL") -> SELL | BF26: =IFERROR(__xludf.DUMMYFUNCTION("""COMPUTED_VALUE"""),"Pcs") -> Pcs | BH26: =IFERROR(__xludf.DUMMYFUNCTION("""COMPUTED_VALUE"""),FALSE) -> FALSE
A27: =IFERROR(__xludf.DUMMYFUNCTION("""COMPUTED_VALUE"""),"09240014") -> 09240014 | B27: =IFERROR(__xludf.DUMMYFUNCTION("""COMPUTED_VALUE"""),"09240014") -> 09240014 | C27: =IFERROR(__xludf.DUMMYFUNCTION("""COMPUTED_VALUE"""),45548.44824074074) -> 45548.448 | D27: =IFERROR(__xludf.DUMMYFUNCTION("""COMPUTED_VALUE"""),"f8335a53") -> f8335a53 | E27: =IFERROR(__xludf.DUMMYFUNCTION("""COMPUTED_VALUE"""),"CV RAGAM JAYA ENGINEERING") -> CV RAGAM JAYA ENGINEERING | F27: =IFERROR(__xludf.DUMMYFUNCTION("""COMPUTED_VALUE"""),"ef306e54") -> ef306e54 | G27: =IFERROR(__xludf.DUMMYFUNCTION("""COMPUTED_VALUE"""),"Karbondioksida") -> Karbondioksida | H27: =IFERROR(__xludf.DUMMYFUNCTION("""COMPUTED_VALUE"""),"OUT") -> OUT | I27: =IFERROR(__xludf.DUMMYFUNCTION("""COMPUTED_VALUE"""),"NORMAL") -> NORMAL | J27: =IFERROR(__xludf.DUMMYFUNCTION("""COMPUTED_VALUE"""),5.0) -> 5 | K27: =IFERROR(__xludf.DUMMYFUNCTION("""COMPUTED_VALUE"""),"6797 6689 6669 6683 6834") -> 6797 6689 6669 6683 6834 | L27: =IFERROR(__xludf.DUMMYFUNCTION("""COMPUTED_VALUE"""),160000.0) -> 160000 | Q27: =IFERROR(__xludf.DUMMYFUNCTION("""COMPUTED_VALUE"""),"ea7e14cc") -> ea7e14cc | R27: =IFERROR(__xludf.DUMMYFUNCTION("""COMPUTED_VALUE"""),"ea7e14cc") -> ea7e14cc | S27: =IFERROR(__xludf.DUMMYFUNCTION("""COMPUTED_VALUE"""),"e968afef") -> e968afef | T27: =IFERROR(__xludf.DUMMYFUNCTION("""COMPUTED_VALUE"""),"Bpk. Agus") -> Bpk. Agus | U27: =IFERROR(__xludf.DUMMYFUNCTION("""COMPUTED_VALUE"""),45553.615115740744) -> 45553.615 | V27: =IFERROR(__xludf.DUMMYFUNCTION("""COMPUTED_VALUE"""),"Jl. Parengan 13, Semawut, Balongbendo, Kec. BalongBendo, Kabupaten Sidoarjo, Jawa Timur 61263") -> Jl. Parengan 13, Semawut, Balongbendo, Kec. BalongBendo, Kabupaten Sidoarjo, Jawa Timur 61263 | W27: =IFERROR(__xludf.DUMMYFUNCTION("""COMPUTED_VALUE"""),"IN") -> IN | Z27: =IFERROR(__xludf.DUMMYFUNCTION("""COMPUTED_VALUE"""),"0426123058") -> 0426123058 | AA27: =IFERROR(__xludf.DUMMYFUNCTION("""COMPUTED_VALUE"""),"4092521157") -> 4092521157 | AC27: =IFERROR(__xludf.DUMMYFUNCTION("""COMPUTED_VALUE"""),"4bef3bbf") -> 4bef3bbf | AD27: =IFERROR(__xludf.DUMMYFUNCTION("""COMPUTED_VALUE"""),"PT Dingsheng Metal Indonesia (Ngoro)") -> PT Dingsheng Metal Indonesia (Ngoro) | AF27: =IFERROR(__xludf.DUMMYFUNCTION("""COMPUTED_VALUE"""),TRUE) -> TRUE | AG27: =IFERROR(__xludf.DUMMYFUNCTION("""COMPUTED_VALUE"""),"Kri Kilan, Watesnegoro, Kec. Ngoro, Kabupaten Mojokerto, Jawa Timur 61385") -> Kri Kilan, Watesnegoro, Kec. Ngoro, Kabupaten Mojokerto, Jawa Timur 61385 | AH27: =IFERROR(__xludf.DUMMYFUNCTION("""COMPUTED_VALUE"""),30.0) -> 30 | AL27: =IFERROR(__xludf.DUMMYFUNCTION("""COMPUTED_VALUE"""),"2260281") -> 2260281 | AM27: =IFERROR(__xludf.DUMMYFUNCTION("""COMPUTED_VALUE"""),"0226232664") -> 0226232664 | AN27: =IFERROR(__xludf.DUMMYFUNCTION("""COMPUTED_VALUE"""),"63fc688a") -> 63fc688a | AO27: =IFERROR(__xludf.DUMMYFUNCTION("""COMPUTED_VALUE"""),"CV Malik Nusantara") -> CV Malik Nusantara | AP27: =IFERROR(__xludf.DUMMYFUNCTION("""COMPUTED_VALUE"""),46107.5321875) -> 46107.532 | AQ27: =IFERROR(__xludf.DUMMYFUNCTION("""COMPUTED_VALUE"""),46078.0) -> 46078 | AS27: =IFERROR(__xludf.DUMMYFUNCTION("""COMPUTED_VALUE"""),"4bef3bbf") -> 4bef3bbf | AT27: =IFERROR(__xludf.DUMMYFUNCTION("""COMPUTED_VALUE"""),"PT Dingsheng Metal Indonesia (Ngoro)") -> PT Dingsheng Metal Indonesia (Ngoro) | AV27: =IFERROR(__xludf.DUMMYFUNCTION("""COMPUTED_VALUE"""),TRUE) -> TRUE | AW27: =IFERROR(__xludf.DUMMYFUNCTION("""COMPUTED_VALUE"""),"Kri Kilan, Watesnegoro, Kec. Ngoro, Kabupaten Mojokerto, Jawa Timur 61385") -> Kri Kilan, Watesnegoro, Kec. Ngoro, Kabupaten Mojokerto, Jawa Timur 61385 | AX27: =IFERROR(__xludf.DUMMYFUNCTION("""COMPUTED_VALUE"""),30.0) -> 30 | BB27: =IFERROR(__xludf.DUMMYFUNCTION("""COMPUTED_VALUE"""),"efa42bb1") -> efa42bb1 | BC27: =IFERROR(__xludf.DUMMYFUNCTION("""COMPUTED_VALUE"""),"Headwheel Valve") -> Headwheel Valve | BD27: =IFERROR(__xludf.DUMMYFUNCTION("""COMPUTED_VALUE"""),"SELL") -> SELL | BF27: =IFERROR(__xludf.DUMMYFUNCTION("""COMPUTED_VALUE"""),"Pcs") -> Pcs | BH27: =IFERROR(__xludf.DUMMYFUNCTION("""COMPUTED_VALUE"""),FALSE) -> FALSE
A28: =IFERROR(__xludf.DUMMYFUNCTION("""COMPUTED_VALUE"""),"09240015") -> 09240015 | B28: =IFERROR(__xludf.DUMMYFUNCTION("""COMPUTED_VALUE"""),"09240015") -> 09240015 | C28: =IFERROR(__xludf.DUMMYFUNCTION("""COMPUTED_VALUE"""),45548.4487037037) -> 45548.449 | D28: =IFERROR(__xludf.DUMMYFUNCTION("""COMPUTED_VALUE"""),"7b9d8eba") -> 7b9d8eba | E28: =IFERROR(__xludf.DUMMYFUNCTION("""COMPUTED_VALUE"""),"PT PELANGI INDOKARYA") -> PT PELANGI INDOKARYA | F28: =IFERROR(__xludf.DUMMYFUNCTION("""COMPUTED_VALUE"""),"8bdbe149") -> 8bdbe149 | G28: =IFERROR(__xludf.DUMMYFUNCTION("""COMPUTED_VALUE"""),"Oksigen 6m3") -> Oksigen 6m3 | H28: =IFERROR(__xludf.DUMMYFUNCTION("""COMPUTED_VALUE"""),"OUT") -> OUT | I28: =IFERROR(__xludf.DUMMYFUNCTION("""COMPUTED_VALUE"""),"NORMAL") -> NORMAL | J28: =IFERROR(__xludf.DUMMYFUNCTION("""COMPUTED_VALUE"""),5.0) -> 5 | K28: =IFERROR(__xludf.DUMMYFUNCTION("""COMPUTED_VALUE"""),"1151 1152 1153 1154 1155") -> 1151 1152 1153 1154 1155 | L28: =IFERROR(__xludf.DUMMYFUNCTION("""COMPUTED_VALUE"""),60000.0) -> 60000 | Q28: =IFERROR(__xludf.DUMMYFUNCTION("""COMPUTED_VALUE"""),"5c00e27f") -> 5c00e27f | R28: =IFERROR(__xludf.DUMMYFUNCTION("""COMPUTED_VALUE"""),"5c00e27f") -> 5c00e27f | S28: =IFERROR(__xludf.DUMMYFUNCTION("""COMPUTED_VALUE"""),"e86baf3b") -> e86baf3b | T28: =IFERROR(__xludf.DUMMYFUNCTION("""COMPUTED_VALUE"""),"PT GEMILANG CIPTA WAWASAN") -> PT GEMILANG CIPTA WAWASAN | U28: =IFERROR(__xludf.DUMMYFUNCTION("""COMPUTED_VALUE"""),45553.61709490741) -> 45553.617 | V28: =IFERROR(__xludf.DUMMYFUNCTION("""COMPUTED_VALUE"""),"JL TEBET RAYA, 2A, TEBET BARAT, TEBET, KOTA ADM, JAKARTA SELATAN, DKI JAKARTA") -> JL TEBET RAYA, 2A, TEBET BARAT, TEBET, KOTA ADM, JAKARTA SELATAN, DKI JAKARTA | W28: =IFERROR(__xludf.DUMMYFUNCTION("""COMPUTED_VALUE"""),"IN") -> IN | Z28: =IFERROR(__xludf.DUMMYFUNCTION("""COMPUTED_VALUE"""),"04261033050") -> 04261033050 | AA28: =IFERROR(__xludf.DUMMYFUNCTION("""COMPUTED_VALUE"""),"4082511108") -> 4082511108 | AC28: =IFERROR(__xludf.DUMMYFUNCTION("""COMPUTED_VALUE"""),"3fec37df") -> 3fec37df | AD28: =IFERROR(__xludf.DUMMYFUNCTION("""COMPUTED_VALUE"""),"PT Jatim Abadi Perkasa Steel") -> PT Jatim Abadi Perkasa Steel | AF28: =IFERROR(__xludf.DUMMYFUNCTION("""COMPUTED_VALUE"""),TRUE) -> TRUE | AG28: =IFERROR(__xludf.DUMMYFUNCTION("""COMPUTED_VALUE"""),"Dsn. Bulak Sempuh, Jatirejo, Kab. Mojokerto, Jawa Timur") -> Dsn. Bulak Sempuh, Jatirejo, Kab. Mojokerto, Jawa Timur | AH28: =IFERROR(__xludf.DUMMYFUNCTION("""COMPUTED_VALUE"""),7.0) -> 7 | AL28: =IFERROR(__xludf.DUMMYFUNCTION("""COMPUTED_VALUE"""),"2260281") -> 2260281 | AM28: =IFERROR(__xludf.DUMMYFUNCTION("""COMPUTED_VALUE"""),"0326242720") -> 0326242720 | AN28: =IFERROR(__xludf.DUMMYFUNCTION("""COMPUTED_VALUE"""),"63fc688a") -> 63fc688a | AO28: =IFERROR(__xludf.DUMMYFUNCTION("""COMPUTED_VALUE"""),"CV Malik Nusantara") -> CV Malik Nusantara | AP28: =IFERROR(__xludf.DUMMYFUNCTION("""COMPUTED_VALUE"""),46107.5321875) -> 46107.532 | AQ28: =IFERROR(__xludf.DUMMYFUNCTION("""COMPUTED_VALUE"""),46084.0) -> 46084 | AS28: =IFERROR(__xludf.DUMMYFUNCTION("""COMPUTED_VALUE"""),"3fec37df") -> 3fec37df | AT28: =IFERROR(__xludf.DUMMYFUNCTION("""COMPUTED_VALUE"""),"PT Jatim Abadi Perkasa Steel") -> PT Jatim Abadi Perkasa Steel | AV28: =IFERROR(__xludf.DUMMYFUNCTION("""COMPUTED_VALUE"""),TRUE) -> TRUE | AW28: =IFERROR(__xludf.DUMMYFUNCTION("""COMPUTED_VALUE"""),"Dsn. Bulak Sempuh, Jatirejo, Kab. Mojokerto, Jawa Timur") -> Dsn. Bulak Sempuh, Jatirejo, Kab. Mojokerto, Jawa Timur | AX28: =IFERROR(__xludf.DUMMYFUNCTION("""COMPUTED_VALUE"""),7.0) -> 7 | BB28: =IFERROR(__xludf.DUMMYFUNCTION("""COMPUTED_VALUE"""),"06f37aa7") -> 06f37aa7 | BC28: =IFERROR(__xludf.DUMMYFUNCTION("""COMPUTED_VALUE"""),"Maintenance Serv") -> Maintenance Serv | BD28: =IFERROR(__xludf.DUMMYFUNCTION("""COMPUTED_VALUE"""),"SERV") -> SERV | BF28: =IFERROR(__xludf.DUMMYFUNCTION("""COMPUTED_VALUE"""),"Jasa") -> Jasa | BH28: =IFERROR(__xludf.DUMMYFUNCTION("""COMPUTED_VALUE"""),FALSE) -> FALSE
A29: =IFERROR(__xludf.DUMMYFUNCTION("""COMPUTED_VALUE"""),"8a27a267") -> 8a27a267 | B29: =IFERROR(__xludf.DUMMYFUNCTION("""COMPUTED_VALUE"""),"8a27a267") -> 8a27a267 | C29: =IFERROR(__xludf.DUMMYFUNCTION("""COMPUTED_VALUE"""),45549.46349537037) -> 45549.463 | D29: =IFERROR(__xludf.DUMMYFUNCTION("""COMPUTED_VALUE"""),"f8335a53") -> f8335a53 | E29: =IFERROR(__xludf.DUMMYFUNCTION("""COMPUTED_VALUE"""),"CV RAGAM JAYA ENGINEERING") -> CV RAGAM JAYA ENGINEERING | F29: =IFERROR(__xludf.DUMMYFUNCTION("""COMPUTED_VALUE"""),"8bdbe149") -> 8bdbe149 | G29: =IFERROR(__xludf.DUMMYFUNCTION("""COMPUTED_VALUE"""),"Oksigen 6m3") -> Oksigen 6m3 | H29: =IFERROR(__xludf.DUMMYFUNCTION("""COMPUTED_VALUE"""),"IN") -> IN | I29: =IFERROR(__xludf.DUMMYFUNCTION("""COMPUTED_VALUE"""),"EMPTY") -> EMPTY | J29: =IFERROR(__xludf.DUMMYFUNCTION("""COMPUTED_VALUE"""),2.0) -> 2 | K29: =IFERROR(__xludf.DUMMYFUNCTION("""COMPUTED_VALUE"""),"1119 1105") -> 1119 1105 | Q29: =IFERROR(__xludf.DUMMYFUNCTION("""COMPUTED_VALUE"""),"c740ede3") -> c740ede3 | R29: =IFERROR(__xludf.DUMMYFUNCTION("""COMPUTED_VALUE"""),"c740ede3") -> c740ede3 | S29: =IFERROR(__xludf.DUMMYFUNCTION("""COMPUTED_VALUE"""),"7b9d8eba") -> 7b9d8eba | T29: =IFERROR(__xludf.DUMMYFUNCTION("""COMPUTED_VALUE"""),"PT PELANGI INDOKARYA") -> PT PELANGI INDOKARYA | U29: =IFERROR(__xludf.DUMMYFUNCTION("""COMPUTED_VALUE"""),45554.46490740741) -> 45554.465 | V29: =IFERROR(__xludf.DUMMYFUNCTION("""COMPUTED_VALUE"""),"Jl Medokan Semampir Indah Sukokilo No 129 RT. 005 RW. 008 Medokan Semampir Sukokilo Kota Surabaya Jawa Timur 60119") -> Jl Medokan Semampir Indah Sukokilo No 129 RT. 005 RW. 008 Medokan Semampir Sukokilo Kota Surabaya Jawa Timur 60119 | W29: =IFERROR(__xludf.DUMMYFUNCTION("""COMPUTED_VALUE"""),"IN") -> IN | Z29: =IFERROR(__xludf.DUMMYFUNCTION("""COMPUTED_VALUE"""),"0426283049") -> 0426283049 | AA29: =IFERROR(__xludf.DUMMYFUNCTION("""COMPUTED_VALUE"""),"4082521054") -> 4082521054 | AC29: =IFERROR(__xludf.DUMMYFUNCTION("""COMPUTED_VALUE"""),"556931a6") -> 556931a6 | AD29: =IFERROR(__xludf.DUMMYFUNCTION("""COMPUTED_VALUE"""),"Bpk. Agus (Trowulan)") -> Bpk. Agus (Trowulan) | AF29: =IFERROR(__xludf.DUMMYFUNCTION("""COMPUTED_VALUE"""),FALSE) -> FALSE | AG29: =IFERROR(__xludf.DUMMYFUNCTION("""COMPUTED_VALUE"""),"Temborong, Domas, Kec. Trowulan, Kabupaten Mojokerto, Jawa Timur") -> Temborong, Domas, Kec. Trowulan, Kabupaten Mojokerto, Jawa Timur | AH29: =IFERROR(__xludf.DUMMYFUNCTION("""COMPUTED_VALUE"""),30.0) -> 30 | AL29: =IFERROR(__xludf.DUMMYFUNCTION("""COMPUTED_VALUE"""),"2260281") -> 2260281 | AM29: =IFERROR(__xludf.DUMMYFUNCTION("""COMPUTED_VALUE"""),"0326252736") -> 0326252736 | AN29: =IFERROR(__xludf.DUMMYFUNCTION("""COMPUTED_VALUE"""),"63fc688a") -> 63fc688a | AO29: =IFERROR(__xludf.DUMMYFUNCTION("""COMPUTED_VALUE"""),"CV Malik Nusantara") -> CV Malik Nusantara | AP29: =IFERROR(__xludf.DUMMYFUNCTION("""COMPUTED_VALUE"""),46107.5321875) -> 46107.532 | AQ29: =IFERROR(__xludf.DUMMYFUNCTION("""COMPUTED_VALUE"""),46085.0) -> 46085 | AS29: =IFERROR(__xludf.DUMMYFUNCTION("""COMPUTED_VALUE"""),"556931a6") -> 556931a6 | AT29: =IFERROR(__xludf.DUMMYFUNCTION("""COMPUTED_VALUE"""),"Bpk. Agus (Trowulan)") -> Bpk. Agus (Trowulan) | AV29: =IFERROR(__xludf.DUMMYFUNCTION("""COMPUTED_VALUE"""),FALSE) -> FALSE | AW29: =IFERROR(__xludf.DUMMYFUNCTION("""COMPUTED_VALUE"""),"Temborong, Domas, Kec. Trowulan, Kabupaten Mojokerto, Jawa Timur") -> Temborong, Domas, Kec. Trowulan, Kabupaten Mojokerto, Jawa Timur | AX29: =IFERROR(__xludf.DUMMYFUNCTION("""COMPUTED_VALUE"""),30.0) -> 30 | BB29: =IFERROR(__xludf.DUMMYFUNCTION("""COMPUTED_VALUE"""),"374a168f") -> 374a168f | BC29: =IFERROR(__xludf.DUMMYFUNCTION("""COMPUTED_VALUE"""),"Pen (SOK)") -> Pen (SOK) | BD29: =IFERROR(__xludf.DUMMYFUNCTION("""COMPUTED_VALUE"""),"SELL") -> SELL | BF29: =IFERROR(__xludf.DUMMYFUNCTION("""COMPUTED_VALUE"""),"Pcs") -> Pcs | BH29: =IFERROR(__xludf.DUMMYFUNCTION("""COMPUTED_VALUE"""),FALSE) -> FALSE
A30: =IFERROR(__xludf.DUMMYFUNCTION("""COMPUTED_VALUE"""),"09240017") -> 09240017 | B30: =IFERROR(__xludf.DUMMYFUNCTION("""COMPUTED_VALUE"""),"09240017") -> 09240017 | C30: =IFERROR(__xludf.DUMMYFUNCTION("""COMPUTED_VALUE"""),45552.52795138889) -> 45552.528 | D30: =IFERROR(__xludf.DUMMYFUNCTION("""COMPUTED_VALUE"""),"7b9d8eba") -> 7b9d8eba | E30: =IFERROR(__xludf.DUMMYFUNCTION("""COMPUTED_VALUE"""),"PT PELANGI INDOKARYA") -> PT PELANGI INDOKARYA | F30: =IFERROR(__xludf.DUMMYFUNCTION("""COMPUTED_VALUE"""),"8bdbe149") -> 8bdbe149 | G30: =IFERROR(__xludf.DUMMYFUNCTION("""COMPUTED_VALUE"""),"Oksigen 6m3") -> Oksigen 6m3 | H30: =IFERROR(__xludf.DUMMYFUNCTION("""COMPUTED_VALUE"""),"OUT") -> OUT | I30: =IFERROR(__xludf.DUMMYFUNCTION("""COMPUTED_VALUE"""),"NORMAL") -> NORMAL | J30: =IFERROR(__xludf.DUMMYFUNCTION("""COMPUTED_VALUE"""),15.0) -> 15 | K30: =IFERROR(__xludf.DUMMYFUNCTION("""COMPUTED_VALUE"""),"1163 1168 1156 1158 1160 1159 1157 1166 1174 1175 1165 1164 1172 1161 1171") -> 1163 1168 1156 1158 1160 1159 1157 1166 1174 1175 1165 1164 1172 1161 1171 | L30: =IFERROR(__xludf.DUMMYFUNCTION("""COMPUTED_VALUE"""),60000.0) -> 60000 | Q30: =IFERROR(__xludf.DUMMYFUNCTION("""COMPUTED_VALUE"""),"230bac34") -> 230bac34 | R30: =IFERROR(__xludf.DUMMYFUNCTION("""COMPUTED_VALUE"""),"230bac34") -> 230bac34 | S30: =IFERROR(__xludf.DUMMYFUNCTION("""COMPUTED_VALUE"""),"f8335a53") -> f8335a53 | T30: =IFERROR(__xludf.DUMMYFUNCTION("""COMPUTED_VALUE"""),"CV RAGAM JAYA ENGINEERING") -> CV RAGAM JAYA ENGINEERING | U30: =IFERROR(__xludf.DUMMYFUNCTION("""COMPUTED_VALUE"""),45554.46564814815) -> 45554.466 | V30: =IFERROR(__xludf.DUMMYFUNCTION("""COMPUTED_VALUE"""),"Jl. Balung wangon, Dadapkuning, Bulurejo, Kec. Benjeng, Kabupaten Gresik, Jawa Timur 61172") -> Jl. Balung wangon, Dadapkuning, Bulurejo, Kec. Benjeng, Kabupaten Gresik, Jawa Timur 61172 | W30: =IFERROR(__xludf.DUMMYFUNCTION("""COMPUTED_VALUE"""),"IN") -> IN | Z30: =IFERROR(__xludf.DUMMYFUNCTION("""COMPUTED_VALUE"""),"0426403048") -> 0426403048 | AA30: =IFERROR(__xludf.DUMMYFUNCTION("""COMPUTED_VALUE"""),"407250019") -> 407250019 | AC30: =IFERROR(__xludf.DUMMYFUNCTION("""COMPUTED_VALUE"""),"69d002bb") -> 69d002bb | AD30: =IFERROR(__xludf.DUMMYFUNCTION("""COMPUTED_VALUE"""),"Bengkel Putra Sanjaya (Bpk. Amin)") -> Bengkel Putra Sanjaya (Bpk. Amin) | AF30: =IFERROR(__xludf.DUMMYFUNCTION("""COMPUTED_VALUE"""),FALSE) -> FALSE | AG30: =IFERROR(__xludf.DUMMYFUNCTION("""COMPUTED_VALUE"""),"Sidomukti, Kraton, Kec. Krian, Kabupaten Sidoarjo, Jawa Timur 61262") -> Sidomukti, Kraton, Kec. Krian, Kabupaten Sidoarjo, Jawa Timur 61262 | AH30: =IFERROR(__xludf.DUMMYFUNCTION("""COMPUTED_VALUE"""),14.0) -> 14 | AL30: =IFERROR(__xludf.DUMMYFUNCTION("""COMPUTED_VALUE"""),"2260281") -> 2260281 | AM30: =IFERROR(__xludf.DUMMYFUNCTION("""COMPUTED_VALUE"""),"0326262756") -> 0326262756 | AN30: =IFERROR(__xludf.DUMMYFUNCTION("""COMPUTED_VALUE"""),"63fc688a") -> 63fc688a | AO30: =IFERROR(__xludf.DUMMYFUNCTION("""COMPUTED_VALUE"""),"CV Malik Nusantara") -> CV Malik Nusantara | AP30: =IFERROR(__xludf.DUMMYFUNCTION("""COMPUTED_VALUE"""),46107.5321875) -> 46107.532 | AQ30: =IFERROR(__xludf.DUMMYFUNCTION("""COMPUTED_VALUE"""),46086.0) -> 46086 | AS30: =IFERROR(__xludf.DUMMYFUNCTION("""COMPUTED_VALUE"""),"69d002bb") -> 69d002bb | AT30: =IFERROR(__xludf.DUMMYFUNCTION("""COMPUTED_VALUE"""),"Bengkel Putra Sanjaya (Bpk. Amin)") -> Bengkel Putra Sanjaya (Bpk. Amin) | AV30: =IFERROR(__xludf.DUMMYFUNCTION("""COMPUTED_VALUE"""),FALSE) -> FALSE | AW30: =IFERROR(__xludf.DUMMYFUNCTION("""COMPUTED_VALUE"""),"Sidomukti, Kraton, Kec. Krian, Kabupaten Sidoarjo, Jawa Timur 61262") -> Sidomukti, Kraton, Kec. Krian, Kabupaten Sidoarjo, Jawa Timur 61262 | AX30: =IFERROR(__xludf.DUMMYFUNCTION("""COMPUTED_VALUE"""),14.0) -> 14 | BB30: =IFERROR(__xludf.DUMMYFUNCTION("""COMPUTED_VALUE"""),"a50ce892") -> a50ce892 | BC30: =IFERROR(__xludf.DUMMYFUNCTION("""COMPUTED_VALUE"""),"Nitrogen 6m3") -> Nitrogen 6m3 | BD30: =IFERROR(__xludf.DUMMYFUNCTION("""COMPUTED_VALUE"""),"RENT") -> RENT | BE30: =IFERROR(__xludf.DUMMYFUNCTION("""COMPUTED_VALUE"""),"MP") -> MP | BF30: =IFERROR(__xludf.DUMMYFUNCTION("""COMPUTED_VALUE"""),"Btl") -> Btl | BH30: =IFERROR(__xludf.DUMMYFUNCTION("""COMPUTED_VALUE"""),TRUE) -> TRUE
A31: =IFERROR(__xludf.DUMMYFUNCTION("""COMPUTED_VALUE"""),"09240018") -> 09240018 | B31: =IFERROR(__xludf.DUMMYFUNCTION("""COMPUTED_VALUE"""),"09240018") -> 09240018 | C31: =IFERROR(__xludf.DUMMYFUNCTION("""COMPUTED_VALUE"""),45553.436377314814) -> 45553.436 | D31: =IFERROR(__xludf.DUMMYFUNCTION("""COMPUTED_VALUE"""),"e86baf3b") -> e86baf3b | E31: =IFERROR(__xludf.DUMMYFUNCTION("""COMPUTED_VALUE"""),"PT GEMILANG CIPTA WAWASAN") -> PT GEMILANG CIPTA WAWASAN | F31: =IFERROR(__xludf.DUMMYFUNCTION("""COMPUTED_VALUE"""),"66af7c72") -> 66af7c72 | G31: =IFERROR(__xludf.DUMMYFUNCTION("""COMPUTED_VALUE"""),"Argon 6m3") -> Argon 6m3 | H31: =IFERROR(__xludf.DUMMYFUNCTION("""COMPUTED_VALUE"""),"OUT") -> OUT | I31: =IFERROR(__xludf.DUMMYFUNCTION("""COMPUTED_VALUE"""),"NORMAL") -> NORMAL | J31: =IFERROR(__xludf.DUMMYFUNCTION("""COMPUTED_VALUE"""),5.0) -> 5 | K31: =IFERROR(__xludf.DUMMYFUNCTION("""COMPUTED_VALUE"""),"8009 8091 8119 8094 8051") -> 8009 8091 8119 8094 8051 | L31: =IFERROR(__xludf.DUMMYFUNCTION("""COMPUTED_VALUE"""),196000.0) -> 196000 | Q31: =IFERROR(__xludf.DUMMYFUNCTION("""COMPUTED_VALUE"""),"09240021") -> 09240021 | R31: =IFERROR(__xludf.DUMMYFUNCTION("""COMPUTED_VALUE"""),"09240021") -> 09240021 | S31: =IFERROR(__xludf.DUMMYFUNCTION("""COMPUTED_VALUE"""),"e86baf3b") -> e86baf3b | T31: =IFERROR(__xludf.DUMMYFUNCTION("""COMPUTED_VALUE"""),"PT GEMILANG CIPTA WAWASAN") -> PT GEMILANG CIPTA WAWASAN | U31: =IFERROR(__xludf.DUMMYFUNCTION("""COMPUTED_VALUE"""),45554.52619212963) -> 45554.526 | V31: =IFERROR(__xludf.DUMMYFUNCTION("""COMPUTED_VALUE"""),"JL TEBET RAYA, 2A, TEBET BARAT, TEBET, KOTA ADM, JAKARTA SELATAN, DKI JAKARTA") -> JL TEBET RAYA, 2A, TEBET BARAT, TEBET, KOTA ADM, JAKARTA SELATAN, DKI JAKARTA | W31: =IFERROR(__xludf.DUMMYFUNCTION("""COMPUTED_VALUE"""),"OUT") -> OUT | Z31: =IFERROR(__xludf.DUMMYFUNCTION("""COMPUTED_VALUE"""),"04261023046") -> 04261023046 | AA31: =IFERROR(__xludf.DUMMYFUNCTION("""COMPUTED_VALUE"""),"407250018") -> 407250018 | AC31: =IFERROR(__xludf.DUMMYFUNCTION("""COMPUTED_VALUE"""),"5449a0b8") -> 5449a0b8 | AD31: =IFERROR(__xludf.DUMMYFUNCTION("""COMPUTED_VALUE"""),"Bpk. Supar") -> Bpk. Supar | AF31: =IFERROR(__xludf.DUMMYFUNCTION("""COMPUTED_VALUE"""),FALSE) -> FALSE | AG31: =IFERROR(__xludf.DUMMYFUNCTION("""COMPUTED_VALUE"""),"Ciro Kulon, Bakungtemenggungan, Kec. BalongBendo, Kabupaten Sidoarjo, Jawa Timur") -> Ciro Kulon, Bakungtemenggungan, Kec. BalongBendo, Kabupaten Sidoarjo, Jawa Timur | AH31: =IFERROR(__xludf.DUMMYFUNCTION("""COMPUTED_VALUE"""),14.0) -> 14 | AL31: =IFERROR(__xludf.DUMMYFUNCTION("""COMPUTED_VALUE"""),"2260281") -> 2260281 | AM31: =IFERROR(__xludf.DUMMYFUNCTION("""COMPUTED_VALUE"""),"0326272767") -> 0326272767 | AN31: =IFERROR(__xludf.DUMMYFUNCTION("""COMPUTED_VALUE"""),"63fc688a") -> 63fc688a | AO31: =IFERROR(__xludf.DUMMYFUNCTION("""COMPUTED_VALUE"""),"CV Malik Nusantara") -> CV Malik Nusantara | AP31: =IFERROR(__xludf.DUMMYFUNCTION("""COMPUTED_VALUE"""),46107.5321875) -> 46107.532 | AQ31: =IFERROR(__xludf.DUMMYFUNCTION("""COMPUTED_VALUE"""),46087.0) -> 46087 | AS31: =IFERROR(__xludf.DUMMYFUNCTION("""COMPUTED_VALUE"""),"5449a0b8") -> 5449a0b8 | AT31: =IFERROR(__xludf.DUMMYFUNCTION("""COMPUTED_VALUE"""),"Bpk. Supar") -> Bpk. Supar | AV31: =IFERROR(__xludf.DUMMYFUNCTION("""COMPUTED_VALUE"""),FALSE) -> FALSE | AW31: =IFERROR(__xludf.DUMMYFUNCTION("""COMPUTED_VALUE"""),"Ciro Kulon, Bakungtemenggungan, Kec. BalongBendo, Kabupaten Sidoarjo, Jawa Timur") -> Ciro Kulon, Bakungtemenggungan, Kec. BalongBendo, Kabupaten Sidoarjo, Jawa Timur | AX31: =IFERROR(__xludf.DUMMYFUNCTION("""COMPUTED_VALUE"""),14.0) -> 14 | BB31: =IFERROR(__xludf.DUMMYFUNCTION("""COMPUTED_VALUE"""),"c636ad1a") -> c636ad1a | BC31: =IFERROR(__xludf.DUMMYFUNCTION("""COMPUTED_VALUE"""),"Tabung Oksigen 1m3 + Isi") -> Tabung Oksigen 1m3 + Isi | BD31: =IFERROR(__xludf.DUMMYFUNCTION("""COMPUTED_VALUE"""),"SELL") -> SELL | BF31: =IFERROR(__xludf.DUMMYFUNCTION("""COMPUTED_VALUE"""),"Btl") -> Btl | BH31: =IFERROR(__xludf.DUMMYFUNCTION("""COMPUTED_VALUE"""),FALSE) -> FALSE
A32: =IFERROR(__xludf.DUMMYFUNCTION("""COMPUTED_VALUE"""),"09240018") -> 09240018 | B32: =IFERROR(__xludf.DUMMYFUNCTION("""COMPUTED_VALUE"""),"09240018") -> 09240018 | C32: =IFERROR(__xludf.DUMMYFUNCTION("""COMPUTED_VALUE"""),45553.43665509259) -> 45553.437 | D32: =IFERROR(__xludf.DUMMYFUNCTION("""COMPUTED_VALUE"""),"e86baf3b") -> e86baf3b | E32: =IFERROR(__xludf.DUMMYFUNCTION("""COMPUTED_VALUE"""),"PT GEMILANG CIPTA WAWASAN") -> PT GEMILANG CIPTA WAWASAN | F32: =IFERROR(__xludf.DUMMYFUNCTION("""COMPUTED_VALUE"""),"8bdbe149") -> 8bdbe149 | G32: =IFERROR(__xludf.DUMMYFUNCTION("""COMPUTED_VALUE"""),"Oksigen 6m3") -> Oksigen 6m3 | H32: =IFERROR(__xludf.DUMMYFUNCTION("""COMPUTED_VALUE"""),"OUT") -> OUT | I32: =IFERROR(__xludf.DUMMYFUNCTION("""COMPUTED_VALUE"""),"NORMAL") -> NORMAL | J32: =IFERROR(__xludf.DUMMYFUNCTION("""COMPUTED_VALUE"""),5.0) -> 5 | K32: =IFERROR(__xludf.DUMMYFUNCTION("""COMPUTED_VALUE"""),"1170 1173 1162 1167 1169") -> 1170 1173 1162 1167 1169 | L32: =IFERROR(__xludf.DUMMYFUNCTION("""COMPUTED_VALUE"""),60000.0) -> 60000 | Q32: =IFERROR(__xludf.DUMMYFUNCTION("""COMPUTED_VALUE"""),"c45a321d") -> c45a321d | R32: =IFERROR(__xludf.DUMMYFUNCTION("""COMPUTED_VALUE"""),"c45a321d") -> c45a321d | S32: =IFERROR(__xludf.DUMMYFUNCTION("""COMPUTED_VALUE"""),"e86baf3b") -> e86baf3b | T32: =IFERROR(__xludf.DUMMYFUNCTION("""COMPUTED_VALUE"""),"PT GEMILANG CIPTA WAWASAN") -> PT GEMILANG CIPTA WAWASAN | U32: =IFERROR(__xludf.DUMMYFUNCTION("""COMPUTED_VALUE"""),45554.551527777774) -> 45554.552 | V32: =IFERROR(__xludf.DUMMYFUNCTION("""COMPUTED_VALUE"""),"JL TEBET RAYA, 2A, TEBET BARAT, TEBET, KOTA ADM, JAKARTA SELATAN, DKI JAKARTA") -> JL TEBET RAYA, 2A, TEBET BARAT, TEBET, KOTA ADM, JAKARTA SELATAN, DKI JAKARTA | W32: =IFERROR(__xludf.DUMMYFUNCTION("""COMPUTED_VALUE"""),"IN") -> IN | Z32: =IFERROR(__xludf.DUMMYFUNCTION("""COMPUTED_VALUE"""),"0426203045") -> 0426203045 | AA32: =IFERROR(__xludf.DUMMYFUNCTION("""COMPUTED_VALUE"""),"406250017") -> 406250017 | AC32: =IFERROR(__xludf.DUMMYFUNCTION("""COMPUTED_VALUE"""),"01158be1") -> 01158be1 | AD32: =IFERROR(__xludf.DUMMYFUNCTION("""COMPUTED_VALUE"""),"GYF") -> GYF | AF32: =IFERROR(__xludf.DUMMYFUNCTION("""COMPUTED_VALUE"""),FALSE) -> FALSE | AG32: =IFERROR(__xludf.DUMMYFUNCTION("""COMPUTED_VALUE"""),"Kangkungan, Lengkong, Kec. Mojoanyar, Kabupaten Mojokerto, Jawa Timur") -> Kangkungan, Lengkong, Kec. Mojoanyar, Kabupaten Mojokerto, Jawa Timur | AH32: =IFERROR(__xludf.DUMMYFUNCTION("""COMPUTED_VALUE"""),14.0) -> 14 | AJ32: =IFERROR(__xludf.DUMMYFUNCTION("""COMPUTED_VALUE"""),46029.52123842593) -> 46029.521 | AL32: =IFERROR(__xludf.DUMMYFUNCTION("""COMPUTED_VALUE"""),"2260281") -> 2260281 | AM32: =IFERROR(__xludf.DUMMYFUNCTION("""COMPUTED_VALUE"""),"0326282789") -> 0326282789 | AN32: =IFERROR(__xludf.DUMMYFUNCTION("""COMPUTED_VALUE"""),"63fc688a") -> 63fc688a | AO32: =IFERROR(__xludf.DUMMYFUNCTION("""COMPUTED_VALUE"""),"CV Malik Nusantara") -> CV Malik Nusantara | AP32: =IFERROR(__xludf.DUMMYFUNCTION("""COMPUTED_VALUE"""),46107.5321875) -> 46107.532 | AQ32: =IFERROR(__xludf.DUMMYFUNCTION("""COMPUTED_VALUE"""),46088.0) -> 46088 | AS32: =IFERROR(__xludf.DUMMYFUNCTION("""COMPUTED_VALUE"""),"01158be1") -> 01158be1 | AT32: =IFERROR(__xludf.DUMMYFUNCTION("""COMPUTED_VALUE"""),"GYF") -> GYF | AV32: =IFERROR(__xludf.DUMMYFUNCTION("""COMPUTED_VALUE"""),FALSE) -> FALSE | AW32: =IFERROR(__xludf.DUMMYFUNCTION("""COMPUTED_VALUE"""),"Kangkungan, Lengkong, Kec. Mojoanyar, Kabupaten Mojokerto, Jawa Timur") -> Kangkungan, Lengkong, Kec. Mojoanyar, Kabupaten Mojokerto, Jawa Timur | AX32: =IFERROR(__xludf.DUMMYFUNCTION("""COMPUTED_VALUE"""),14.0) -> 14 | AZ32: =IFERROR(__xludf.DUMMYFUNCTION("""COMPUTED_VALUE"""),46029.52123842593) -> 46029.521 | BB32: =IFERROR(__xludf.DUMMYFUNCTION("""COMPUTED_VALUE"""),"88f0a0e9") -> 88f0a0e9 | BC32: =IFERROR(__xludf.DUMMYFUNCTION("""COMPUTED_VALUE"""),"Karbondioksida 1m3 MR") -> Karbondioksida 1m3 MR | BD32: =IFERROR(__xludf.DUMMYFUNCTION("""COMPUTED_VALUE"""),"RENT") -> RENT | BE32: =IFERROR(__xludf.DUMMYFUNCTION("""COMPUTED_VALUE"""),"MR") -> MR | BF32: =IFERROR(__xludf.DUMMYFUNCTION("""COMPUTED_VALUE"""),"Btl") -> Btl | BH32: =IFERROR(__xludf.DUMMYFUNCTION("""COMPUTED_VALUE"""),FALSE) -> FALSE
A33: =IFERROR(__xludf.DUMMYFUNCTION("""COMPUTED_VALUE"""),"bd6a36bd") -> bd6a36bd | B33: =IFERROR(__xludf.DUMMYFUNCTION("""COMPUTED_VALUE"""),"bd6a36bd") -> bd6a36bd | C33: =IFERROR(__xludf.DUMMYFUNCTION("""COMPUTED_VALUE"""),45553.50400462963) -> 45553.504 | D33: =IFERROR(__xludf.DUMMYFUNCTION("""COMPUTED_VALUE"""),"7b9d8eba") -> 7b9d8eba | E33: =IFERROR(__xludf.DUMMYFUNCTION("""COMPUTED_VALUE"""),"PT PELANGI INDOKARYA") -> PT PELANGI INDOKARYA | F33: =IFERROR(__xludf.DUMMYFUNCTION("""COMPUTED_VALUE"""),"8bdbe149") -> 8bdbe149 | G33: =IFERROR(__xludf.DUMMYFUNCTION("""COMPUTED_VALUE"""),"Oksigen 6m3") -> Oksigen 6m3 | H33: =IFERROR(__xludf.DUMMYFUNCTION("""COMPUTED_VALUE"""),"IN") -> IN | I33: =IFERROR(__xludf.DUMMYFUNCTION("""COMPUTED_VALUE"""),"EMPTY") -> EMPTY | J33: =IFERROR(__xludf.DUMMYFUNCTION("""COMPUTED_VALUE"""),4.0) -> 4 | K33: =IFERROR(__xludf.DUMMYFUNCTION("""COMPUTED_VALUE"""),"1151 1152 1154 1155") -> 1151 1152 1154 1155 | Q33: =IFERROR(__xludf.DUMMYFUNCTION("""COMPUTED_VALUE"""),"ac450d5c") -> ac450d5c | R33: =IFERROR(__xludf.DUMMYFUNCTION("""COMPUTED_VALUE"""),"ac450d5c") -> ac450d5c | S33: =IFERROR(__xludf.DUMMYFUNCTION("""COMPUTED_VALUE"""),"7b9d8eba") -> 7b9d8eba | T33: =IFERROR(__xludf.DUMMYFUNCTION("""COMPUTED_VALUE"""),"PT PELANGI INDOKARYA") -> PT PELANGI INDOKARYA | U33: =IFERROR(__xludf.DUMMYFUNCTION("""COMPUTED_VALUE"""),45556.459699074076) -> 45556.46 | V33: =IFERROR(__xludf.DUMMYFUNCTION("""COMPUTED_VALUE"""),"Jl Medokan Semampir Indah Sukokilo No 129 RT. 005 RW. 008 Medokan Semampir Sukokilo Kota Surabaya Jawa Timur 60119") -> Jl Medokan Semampir Indah Sukokilo No 129 RT. 005 RW. 008 Medokan Semampir Sukokilo Kota Surabaya Jawa Timur 60119 | W33: =IFERROR(__xludf.DUMMYFUNCTION("""COMPUTED_VALUE"""),"IN") -> IN | Z33: =IFERROR(__xludf.DUMMYFUNCTION("""COMPUTED_VALUE"""),"04261013043") -> 04261013043 | AA33: =IFERROR(__xludf.DUMMYFUNCTION("""COMPUTED_VALUE"""),"405250016") -> 405250016 | AC33: =IFERROR(__xludf.DUMMYFUNCTION("""COMPUTED_VALUE"""),"785e0e07") -> 785e0e07 | AD33: =IFERROR(__xludf.DUMMYFUNCTION("""COMPUTED_VALUE"""),"Bpk. Sukirno (Bejo)") -> Bpk. Sukirno (Bejo) | AF33: =IFERROR(__xludf.DUMMYFUNCTION("""COMPUTED_VALUE"""),FALSE) -> FALSE | AG33: =IFERROR(__xludf.DUMMYFUNCTION("""COMPUTED_VALUE"""),"Krajan I, Wringinanom, Kec. Wringinanom, Kabupaten Gresik, Jawa Timur 61176") -> Krajan I, Wringinanom, Kec. Wringinanom, Kabupaten Gresik, Jawa Timur 61176 | AH33: =IFERROR(__xludf.DUMMYFUNCTION("""COMPUTED_VALUE"""),30.0) -> 30 | AL33: =IFERROR(__xludf.DUMMYFUNCTION("""COMPUTED_VALUE"""),"2260281") -> 2260281 | AM33: =IFERROR(__xludf.DUMMYFUNCTION("""COMPUTED_VALUE"""),"0326292805") -> 0326292805 | AN33: =IFERROR(__xludf.DUMMYFUNCTION("""COMPUTED_VALUE"""),"63fc688a") -> 63fc688a | AO33: =IFERROR(__xludf.DUMMYFUNCTION("""COMPUTED_VALUE"""),"CV Malik Nusantara") -> CV Malik Nusantara | AP33: =IFERROR(__xludf.DUMMYFUNCTION("""COMPUTED_VALUE"""),46107.5321875) -> 46107.532 | AQ33: =IFERROR(__xludf.DUMMYFUNCTION("""COMPUTED_VALUE"""),46091.0) -> 46091 | AS33: =IFERROR(__xludf.DUMMYFUNCTION("""COMPUTED_VALUE"""),"785e0e07") -> 785e0e07 | AT33: =IFERROR(__xludf.DUMMYFUNCTION("""COMPUTED_VALUE"""),"Bpk. Sukirno (Bejo)") -> Bpk. Sukirno (Bejo) | AV33: =IFERROR(__xludf.DUMMYFUNCTION("""COMPUTED_VALUE"""),FALSE) -> FALSE | AW33: =IFERROR(__xludf.DUMMYFUNCTION("""COMPUTED_VALUE"""),"Krajan I, Wringinanom, Kec. Wringinanom, Kabupaten Gresik, Jawa Timur 61176") -> Krajan I, Wringinanom, Kec. Wringinanom, Kabupaten Gresik, Jawa Timur 61176 | AX33: =IFERROR(__xludf.DUMMYFUNCTION("""COMPUTED_VALUE"""),30.0) -> 30 | BB33: =IFERROR(__xludf.DUMMYFUNCTION("""COMPUTED_VALUE"""),"89f17b5f") -> 89f17b5f | BC33: =IFERROR(__xludf.DUMMYFUNCTION("""COMPUTED_VALUE"""),"Karbondioksida 2,5m3 MR") -> Karbondioksida 2,5m3 MR | BD33: =IFERROR(__xludf.DUMMYFUNCTION("""COMPUTED_VALUE"""),"RENT") -> RENT | BE33: =IFERROR(__xludf.DUMMYFUNCTION("""COMPUTED_VALUE"""),"MR") -> MR | BF33: =IFERROR(__xludf.DUMMYFUNCTION("""COMPUTED_VALUE"""),"Btl") -> Btl | BH33: =IFERROR(__xludf.DUMMYFUNCTION("""COMPUTED_VALUE"""),FALSE) -> FALSE
A34: =IFERROR(__xludf.DUMMYFUNCTION("""COMPUTED_VALUE"""),"ea7e14cc") -> ea7e14cc | B34: =IFERROR(__xludf.DUMMYFUNCTION("""COMPUTED_VALUE"""),"ea7e14cc") -> ea7e14cc | C34: =IFERROR(__xludf.DUMMYFUNCTION("""COMPUTED_VALUE"""),45553.615115740744) -> 45553.615 | D34: =IFERROR(__xludf.DUMMYFUNCTION("""COMPUTED_VALUE"""),"e968afef") -> e968afef | E34: =IFERROR(__xludf.DUMMYFUNCTION("""COMPUTED_VALUE"""),"Bpk. Agus") -> Bpk. Agus | F34: =IFERROR(__xludf.DUMMYFUNCTION("""COMPUTED_VALUE"""),"8bdbe149") -> 8bdbe149 | G34: =IFERROR(__xludf.DUMMYFUNCTION("""COMPUTED_VALUE"""),"Oksigen 6m3") -> Oksigen 6m3 | H34: =IFERROR(__xludf.DUMMYFUNCTION("""COMPUTED_VALUE"""),"IN") -> IN | I34: =IFERROR(__xludf.DUMMYFUNCTION("""COMPUTED_VALUE"""),"EMPTY") -> EMPTY | J34: =IFERROR(__xludf.DUMMYFUNCTION("""COMPUTED_VALUE"""),5.0) -> 5 | K34: =IFERROR(__xludf.DUMMYFUNCTION("""COMPUTED_VALUE"""),"1133 1143 1141 1129 1149") -> 1133 1143 1141 1129 1149 | Q34: =IFERROR(__xludf.DUMMYFUNCTION("""COMPUTED_VALUE"""),"5fe56758") -> 5fe56758 | R34: =IFERROR(__xludf.DUMMYFUNCTION("""COMPUTED_VALUE"""),"5fe56758") -> 5fe56758 | S34: =IFERROR(__xludf.DUMMYFUNCTION("""COMPUTED_VALUE"""),"a9fe1bea") -> a9fe1bea | T34: =IFERROR(__xludf.DUMMYFUNCTION("""COMPUTED_VALUE"""),"H. Suheiri") -> H. Suheiri | U34: =IFERROR(__xludf.DUMMYFUNCTION("""COMPUTED_VALUE"""),45556.460185185184) -> 45556.46 | V34: =IFERROR(__xludf.DUMMYFUNCTION("""COMPUTED_VALUE"""),"Jalan Raya Balongbendo No. 6 RT. 1 / RW. 1 Singkalan, Singkalan, Seduri, Kec. BalongBendo, Kabupaten Sidoarjo, Jawa Timur 61263") -> Jalan Raya Balongbendo No. 6 RT. 1 / RW. 1 Singkalan, Singkalan, Seduri, Kec. BalongBendo, Kabupaten Sidoarjo, Jawa Timur 61263 | W34: =IFERROR(__xludf.DUMMYFUNCTION("""COMPUTED_VALUE"""),"IN") -> IN | Z34: =IFERROR(__xludf.DUMMYFUNCTION("""COMPUTED_VALUE"""),"0426143039") -> 0426143039 | AA34: =IFERROR(__xludf.DUMMYFUNCTION("""COMPUTED_VALUE"""),"404250015") -> 404250015 | AC34: =IFERROR(__xludf.DUMMYFUNCTION("""COMPUTED_VALUE"""),"6b737895") -> 6b737895 | AD34: =IFERROR(__xludf.DUMMYFUNCTION("""COMPUTED_VALUE"""),"Ibu Yanti") -> Ibu Yanti | AF34: =IFERROR(__xludf.DUMMYFUNCTION("""COMPUTED_VALUE"""),FALSE) -> FALSE | AG34: =IFERROR(__xludf.DUMMYFUNCTION("""COMPUTED_VALUE"""),"Klutuk, Kramat Jegu, Kec. Taman, Kabupaten Sidoarjo, Jawa Timur 61257") -> Klutuk, Kramat Jegu, Kec. Taman, Kabupaten Sidoarjo, Jawa Timur 61257 | AH34: =IFERROR(__xludf.DUMMYFUNCTION("""COMPUTED_VALUE"""),14.0) -> 14 | AL34: =IFERROR(__xludf.DUMMYFUNCTION("""COMPUTED_VALUE"""),"2260281") -> 2260281 | AM34: =IFERROR(__xludf.DUMMYFUNCTION("""COMPUTED_VALUE"""),"0326302835") -> 0326302835 | AN34: =IFERROR(__xludf.DUMMYFUNCTION("""COMPUTED_VALUE"""),"63fc688a") -> 63fc688a | AO34: =IFERROR(__xludf.DUMMYFUNCTION("""COMPUTED_VALUE"""),"CV Malik Nusantara") -> CV Malik Nusantara | AP34: =IFERROR(__xludf.DUMMYFUNCTION("""COMPUTED_VALUE"""),46107.5321875) -> 46107.532 | AQ34: =IFERROR(__xludf.DUMMYFUNCTION("""COMPUTED_VALUE"""),46093.0) -> 46093 | AS34: =IFERROR(__xludf.DUMMYFUNCTION("""COMPUTED_VALUE"""),"6b737895") -> 6b737895 | AT34: =IFERROR(__xludf.DUMMYFUNCTION("""COMPUTED_VALUE"""),"Ibu Yanti") -> Ibu Yanti | AV34: =IFERROR(__xludf.DUMMYFUNCTION("""COMPUTED_VALUE"""),FALSE) -> FALSE | AW34: =IFERROR(__xludf.DUMMYFUNCTION("""COMPUTED_VALUE"""),"Klutuk, Kramat Jegu, Kec. Taman, Kabupaten Sidoarjo, Jawa Timur 61257") -> Klutuk, Kramat Jegu, Kec. Taman, Kabupaten Sidoarjo, Jawa Timur 61257 | AX34: =IFERROR(__xludf.DUMMYFUNCTION("""COMPUTED_VALUE"""),14.0) -> 14
A35: =IFERROR(__xludf.DUMMYFUNCTION("""COMPUTED_VALUE"""),"ea7e14cc") -> ea7e14cc | B35: =IFERROR(__xludf.DUMMYFUNCTION("""COMPUTED_VALUE"""),"ea7e14cc") -> ea7e14cc | C35: =IFERROR(__xludf.DUMMYFUNCTION("""COMPUTED_VALUE"""),45553.61667824074) -> 45553.617 | D35: =IFERROR(__xludf.DUMMYFUNCTION("""COMPUTED_VALUE"""),"e968afef") -> e968afef | E35: =IFERROR(__xludf.DUMMYFUNCTION("""COMPUTED_VALUE"""),"Bpk. Agus") -> Bpk. Agus | F35: =IFERROR(__xludf.DUMMYFUNCTION("""COMPUTED_VALUE"""),"be525f3b") -> be525f3b | G35: =IFERROR(__xludf.DUMMYFUNCTION("""COMPUTED_VALUE"""),"LPG 12kg") -> LPG 12kg | H35: =IFERROR(__xludf.DUMMYFUNCTION("""COMPUTED_VALUE"""),"IN") -> IN | I35: =IFERROR(__xludf.DUMMYFUNCTION("""COMPUTED_VALUE"""),"EMPTY") -> EMPTY | J35: =IFERROR(__xludf.DUMMYFUNCTION("""COMPUTED_VALUE"""),1.0) -> 1 | K35: =IFERROR(__xludf.DUMMYFUNCTION("""COMPUTED_VALUE"""),"L1") -> L1 | Q35: =IFERROR(__xludf.DUMMYFUNCTION("""COMPUTED_VALUE"""),"3e8da047") -> 3e8da047 | R35: =IFERROR(__xludf.DUMMYFUNCTION("""COMPUTED_VALUE"""),"3e8da047") -> 3e8da047 | S35: =IFERROR(__xludf.DUMMYFUNCTION("""COMPUTED_VALUE"""),"cef243cf") -> cef243cf | T35: =IFERROR(__xludf.DUMMYFUNCTION("""COMPUTED_VALUE"""),"Bpk. Supri") -> Bpk. Supri | U35: =IFERROR(__xludf.DUMMYFUNCTION("""COMPUTED_VALUE"""),45558.63652777778) -> 45558.637 | W35: =IFERROR(__xludf.DUMMYFUNCTION("""COMPUTED_VALUE"""),"IN") -> IN | Z35: =IFERROR(__xludf.DUMMYFUNCTION("""COMPUTED_VALUE"""),"0426243038") -> 0426243038 | AA35: =IFERROR(__xludf.DUMMYFUNCTION("""COMPUTED_VALUE"""),"403250014") -> 403250014 | AC35: =IFERROR(__xludf.DUMMYFUNCTION("""COMPUTED_VALUE"""),"06d600f6") -> 06d600f6 | AD35: =IFERROR(__xludf.DUMMYFUNCTION("""COMPUTED_VALUE"""),"Ibu Ida") -> Ibu Ida | AF35: =IFERROR(__xludf.DUMMYFUNCTION("""COMPUTED_VALUE"""),FALSE) -> FALSE | AG35: =IFERROR(__xludf.DUMMYFUNCTION("""COMPUTED_VALUE"""),"Wonoayu rt 1 rw 4, Kec wonoayu, Kab. Sidoarjo") -> Wonoayu rt 1 rw 4, Kec wonoayu, Kab. Sidoarjo | AH35: =IFERROR(__xludf.DUMMYFUNCTION("""COMPUTED_VALUE"""),14.0) -> 14 | AL35: =IFERROR(__xludf.DUMMYFUNCTION("""COMPUTED_VALUE"""),"2260281") -> 2260281 | AM35: =IFERROR(__xludf.DUMMYFUNCTION("""COMPUTED_VALUE"""),"0326312856") -> 0326312856 | AN35: =IFERROR(__xludf.DUMMYFUNCTION("""COMPUTED_VALUE"""),"63fc688a") -> 63fc688a | AO35: =IFERROR(__xludf.DUMMYFUNCTION("""COMPUTED_VALUE"""),"CV Malik Nusantara") -> CV Malik Nusantara | AP35: =IFERROR(__xludf.DUMMYFUNCTION("""COMPUTED_VALUE"""),46107.5321875) -> 46107.532 | AQ35: =IFERROR(__xludf.DUMMYFUNCTION("""COMPUTED_VALUE"""),46095.0) -> 46095 | AS35: =IFERROR(__xludf.DUMMYFUNCTION("""COMPUTED_VALUE"""),"06d600f6") -> 06d600f6 | AT35: =IFERROR(__xludf.DUMMYFUNCTION("""COMPUTED_VALUE"""),"Ibu Ida") -> Ibu Ida | AV35: =IFERROR(__xludf.DUMMYFUNCTION("""COMPUTED_VALUE"""),FALSE) -> FALSE | AW35: =IFERROR(__xludf.DUMMYFUNCTION("""COMPUTED_VALUE"""),"Wonoayu rt 1 rw 4, Kec wonoayu, Kab. Sidoarjo") -> Wonoayu rt 1 rw 4, Kec wonoayu, Kab. Sidoarjo | AX35: =IFERROR(__xludf.DUMMYFUNCTION("""COMPUTED_VALUE"""),14.0) -> 14
A36: =IFERROR(__xludf.DUMMYFUNCTION("""COMPUTED_VALUE"""),"5c00e27f") -> 5c00e27f | B36: =IFERROR(__xludf.DUMMYFUNCTION("""COMPUTED_VALUE"""),"5c00e27f") -> 5c00e27f | C36: =IFERROR(__xludf.DUMMYFUNCTION("""COMPUTED_VALUE"""),45553.61709490741) -> 45553.617 | D36: =IFERROR(__xludf.DUMMYFUNCTION("""COMPUTED_VALUE"""),"e86baf3b") -> e86baf3b | E36: =IFERROR(__xludf.DUMMYFUNCTION("""COMPUTED_VALUE"""),"PT GEMILANG CIPTA WAWASAN") -> PT GEMILANG CIPTA WAWASAN | F36: =IFERROR(__xludf.DUMMYFUNCTION("""COMPUTED_VALUE"""),"be525f3b") -> be525f3b | G36: =IFERROR(__xludf.DUMMYFUNCTION("""COMPUTED_VALUE"""),"LPG 12kg") -> LPG 12kg | H36: =IFERROR(__xludf.DUMMYFUNCTION("""COMPUTED_VALUE"""),"IN") -> IN | I36: =IFERROR(__xludf.DUMMYFUNCTION("""COMPUTED_VALUE"""),"EMPTY") -> EMPTY | J36: =IFERROR(__xludf.DUMMYFUNCTION("""COMPUTED_VALUE"""),5.0) -> 5 | K36: =IFERROR(__xludf.DUMMYFUNCTION("""COMPUTED_VALUE"""),"L28 L25 L26 L27 L24") -> L28 L25 L26 L27 L24 | Q36: =IFERROR(__xludf.DUMMYFUNCTION("""COMPUTED_VALUE"""),"09240022") -> 09240022 | R36: =IFERROR(__xludf.DUMMYFUNCTION("""COMPUTED_VALUE"""),"09240022") -> 09240022 | S36: =IFERROR(__xludf.DUMMYFUNCTION("""COMPUTED_VALUE"""),"7b9d8eba") -> 7b9d8eba | T36: =IFERROR(__xludf.DUMMYFUNCTION("""COMPUTED_VALUE"""),"PT PELANGI INDOKARYA") -> PT PELANGI INDOKARYA | U36: =IFERROR(__xludf.DUMMYFUNCTION("""COMPUTED_VALUE"""),45559.40938657407) -> 45559.409 | V36: =IFERROR(__xludf.DUMMYFUNCTION("""COMPUTED_VALUE"""),"Jl Medokan Semampir Indah Sukokilo No 129 RT. 005 RW. 008 Medokan Semampir Sukokilo Kota Surabaya Jawa Timur 60119") -> Jl Medokan Semampir Indah Sukokilo No 129 RT. 005 RW. 008 Medokan Semampir Sukokilo Kota Surabaya Jawa Timur 60119 | W36: =IFERROR(__xludf.DUMMYFUNCTION("""COMPUTED_VALUE"""),"OUT") -> OUT | Z36: =IFERROR(__xludf.DUMMYFUNCTION("""COMPUTED_VALUE"""),"0426243037") -> 0426243037 | AA36: =IFERROR(__xludf.DUMMYFUNCTION("""COMPUTED_VALUE"""),"403250013") -> 403250013 | AC36: =IFERROR(__xludf.DUMMYFUNCTION("""COMPUTED_VALUE"""),"7e28b0bb") -> 7e28b0bb | AD36: =IFERROR(__xludf.DUMMYFUNCTION("""COMPUTED_VALUE"""),"PT Surya Langit Biru") -> PT Surya Langit Biru | AF36: =IFERROR(__xludf.DUMMYFUNCTION("""COMPUTED_VALUE"""),TRUE) -> TRUE | AG36: =IFERROR(__xludf.DUMMYFUNCTION("""COMPUTED_VALUE"""),"Mlirip Krian, Singkalan, Kec. BalongBendo, Kabupaten Sidoarjo, Jawa Timur 61263") -> Mlirip Krian, Singkalan, Kec. BalongBendo, Kabupaten Sidoarjo, Jawa Timur 61263 | AH36: =IFERROR(__xludf.DUMMYFUNCTION("""COMPUTED_VALUE"""),30.0) -> 30 | AL36: =IFERROR(__xludf.DUMMYFUNCTION("""COMPUTED_VALUE"""),"2260281") -> 2260281 | AM36: =IFERROR(__xludf.DUMMYFUNCTION("""COMPUTED_VALUE"""),"0326322863") -> 0326322863 | AN36: =IFERROR(__xludf.DUMMYFUNCTION("""COMPUTED_VALUE"""),"63fc688a") -> 63fc688a | AO36: =IFERROR(__xludf.DUMMYFUNCTION("""COMPUTED_VALUE"""),"CV Malik Nusantara") -> CV Malik Nusantara | AP36: =IFERROR(__xludf.DUMMYFUNCTION("""COMPUTED_VALUE"""),46107.5321875) -> 46107.532 | AQ36: =IFERROR(__xludf.DUMMYFUNCTION("""COMPUTED_VALUE"""),46095.0) -> 46095 | AS36: =IFERROR(__xludf.DUMMYFUNCTION("""COMPUTED_VALUE"""),"7e28b0bb") -> 7e28b0bb | AT36: =IFERROR(__xludf.DUMMYFUNCTION("""COMPUTED_VALUE"""),"PT Surya Langit Biru") -> PT Surya Langit Biru | AV36: =IFERROR(__xludf.DUMMYFUNCTION("""COMPUTED_VALUE"""),TRUE) -> TRUE | AW36: =IFERROR(__xludf.DUMMYFUNCTION("""COMPUTED_VALUE"""),"Mlirip Krian, Singkalan, Kec. BalongBendo, Kabupaten Sidoarjo, Jawa Timur 61263") -> Mlirip Krian, Singkalan, Kec. BalongBendo, Kabupaten Sidoarjo, Jawa Timur 61263 | AX36: =IFERROR(__xludf.DUMMYFUNCTION("""COMPUTED_VALUE"""),30.0) -> 30
A37: =IFERROR(__xludf.DUMMYFUNCTION("""COMPUTED_VALUE"""),"c740ede3") -> c740ede3 | B37: =IFERROR(__xludf.DUMMYFUNCTION("""COMPUTED_VALUE"""),"c740ede3") -> c740ede3 | C37: =IFERROR(__xludf.DUMMYFUNCTION("""COMPUTED_VALUE"""),45554.464907407404) -> 45554.465 | D37: =IFERROR(__xludf.DUMMYFUNCTION("""COMPUTED_VALUE"""),"7b9d8eba") -> 7b9d8eba | E37: =IFERROR(__xludf.DUMMYFUNCTION("""COMPUTED_VALUE"""),"PT PELANGI INDOKARYA") -> PT PELANGI INDOKARYA | F37: =IFERROR(__xludf.DUMMYFUNCTION("""COMPUTED_VALUE"""),"8bdbe149") -> 8bdbe149 | G37: =IFERROR(__xludf.DUMMYFUNCTION("""COMPUTED_VALUE"""),"Oksigen 6m3") -> Oksigen 6m3 | H37: =IFERROR(__xludf.DUMMYFUNCTION("""COMPUTED_VALUE"""),"IN") -> IN | I37: =IFERROR(__xludf.DUMMYFUNCTION("""COMPUTED_VALUE"""),"EMPTY") -> EMPTY | J37: =IFERROR(__xludf.DUMMYFUNCTION("""COMPUTED_VALUE"""),2.0) -> 2 | K37: =IFERROR(__xludf.DUMMYFUNCTION("""COMPUTED_VALUE"""),"1153 1168") -> 1153 1168 | Q37: =IFERROR(__xludf.DUMMYFUNCTION("""COMPUTED_VALUE"""),"21fc7f4d") -> 21fc7f4d | R37: =IFERROR(__xludf.DUMMYFUNCTION("""COMPUTED_VALUE"""),"21fc7f4d") -> 21fc7f4d | S37: =IFERROR(__xludf.DUMMYFUNCTION("""COMPUTED_VALUE"""),"f8335a53") -> f8335a53 | T37: =IFERROR(__xludf.DUMMYFUNCTION("""COMPUTED_VALUE"""),"CV RAGAM JAYA ENGINEERING") -> CV RAGAM JAYA ENGINEERING | U37: =IFERROR(__xludf.DUMMYFUNCTION("""COMPUTED_VALUE"""),45560.41107638889) -> 45560.411 | V37: =IFERROR(__xludf.DUMMYFUNCTION("""COMPUTED_VALUE"""),"Jl. Balung wangon, Dadapkuning, Bulurejo, Kec. Benjeng, Kabupaten Gresik, Jawa Timur 61172") -> Jl. Balung wangon, Dadapkuning, Bulurejo, Kec. Benjeng, Kabupaten Gresik, Jawa Timur 61172 | W37: =IFERROR(__xludf.DUMMYFUNCTION("""COMPUTED_VALUE"""),"IN") -> IN | Z37: =IFERROR(__xludf.DUMMYFUNCTION("""COMPUTED_VALUE"""),"0426163036") -> 0426163036 | AA37: =IFERROR(__xludf.DUMMYFUNCTION("""COMPUTED_VALUE"""),"403250012") -> 403250012 | AC37: =IFERROR(__xludf.DUMMYFUNCTION("""COMPUTED_VALUE"""),"64b0c06f") -> 64b0c06f | AD37: =IFERROR(__xludf.DUMMYFUNCTION("""COMPUTED_VALUE"""),"Saiful Fuad") -> Saiful Fuad | AF37: =IFERROR(__xludf.DUMMYFUNCTION("""COMPUTED_VALUE"""),FALSE) -> FALSE | AL37: =IFERROR(__xludf.DUMMYFUNCTION("""COMPUTED_VALUE"""),"2260281") -> 2260281 | AM37: =IFERROR(__xludf.DUMMYFUNCTION("""COMPUTED_VALUE"""),"0326332876") -> 0326332876 | AN37: =IFERROR(__xludf.DUMMYFUNCTION("""COMPUTED_VALUE"""),"63fc688a") -> 63fc688a | AO37: =IFERROR(__xludf.DUMMYFUNCTION("""COMPUTED_VALUE"""),"CV Malik Nusantara") -> CV Malik Nusantara | AP37: =IFERROR(__xludf.DUMMYFUNCTION("""COMPUTED_VALUE"""),46107.5321875) -> 46107.532 | AQ37: =IFERROR(__xludf.DUMMYFUNCTION("""COMPUTED_VALUE"""),46098.0) -> 46098 | AS37: =IFERROR(__xludf.DUMMYFUNCTION("""COMPUTED_VALUE"""),"64b0c06f") -> 64b0c06f | AT37: =IFERROR(__xludf.DUMMYFUNCTION("""COMPUTED_VALUE"""),"Saiful Fuad") -> Saiful Fuad | AV37: =IFERROR(__xludf.DUMMYFUNCTION("""COMPUTED_VALUE"""),FALSE) -> FALSE
A38: =IFERROR(__xludf.DUMMYFUNCTION("""COMPUTED_VALUE"""),"230bac34") -> 230bac34 | B38: =IFERROR(__xludf.DUMMYFUNCTION("""COMPUTED_VALUE"""),"230bac34") -> 230bac34 | C38: =IFERROR(__xludf.DUMMYFUNCTION("""COMPUTED_VALUE"""),45554.46564814815) -> 45554.466 | D38: =IFERROR(__xludf.DUMMYFUNCTION("""COMPUTED_VALUE"""),"f8335a53") -> f8335a53 | E38: =IFERROR(__xludf.DUMMYFUNCTION("""COMPUTED_VALUE"""),"CV RAGAM JAYA ENGINEERING") -> CV RAGAM JAYA ENGINEERING | F38: =IFERROR(__xludf.DUMMYFUNCTION("""COMPUTED_VALUE"""),"8bdbe149") -> 8bdbe149 | G38: =IFERROR(__xludf.DUMMYFUNCTION("""COMPUTED_VALUE"""),"Oksigen 6m3") -> Oksigen 6m3 | H38: =IFERROR(__xludf.DUMMYFUNCTION("""COMPUTED_VALUE"""),"IN") -> IN | I38: =IFERROR(__xludf.DUMMYFUNCTION("""COMPUTED_VALUE"""),"EMPTY") -> EMPTY | J38: =IFERROR(__xludf.DUMMYFUNCTION("""COMPUTED_VALUE"""),1.0) -> 1 | K38: =IFERROR(__xludf.DUMMYFUNCTION("""COMPUTED_VALUE"""),"1128") -> 1128 | Q38: =IFERROR(__xludf.DUMMYFUNCTION("""COMPUTED_VALUE"""),"a6e7928f") -> a6e7928f | R38: =IFERROR(__xludf.DUMMYFUNCTION("""COMPUTED_VALUE"""),"a6e7928f") -> a6e7928f | S38: =IFERROR(__xludf.DUMMYFUNCTION("""COMPUTED_VALUE"""),"7b9d8eba") -> 7b9d8eba | T38: =IFERROR(__xludf.DUMMYFUNCTION("""COMPUTED_VALUE"""),"PT PELANGI INDOKARYA") -> PT PELANGI INDOKARYA | U38: =IFERROR(__xludf.DUMMYFUNCTION("""COMPUTED_VALUE"""),45560.412824074076) -> 45560.413 | V38: =IFERROR(__xludf.DUMMYFUNCTION("""COMPUTED_VALUE"""),"Jl Medokan Semampir Indah Sukokilo No 129 RT. 005 RW. 008 Medokan Semampir Sukokilo Kota Surabaya Jawa Timur 60119") -> Jl Medokan Semampir Indah Sukokilo No 129 RT. 005 RW. 008 Medokan Semampir Sukokilo Kota Surabaya Jawa Timur 60119 | W38: =IFERROR(__xludf.DUMMYFUNCTION("""COMPUTED_VALUE"""),"IN") -> IN | Z38: =IFERROR(__xludf.DUMMYFUNCTION("""COMPUTED_VALUE"""),"0426293026") -> 0426293026 | AA38: =IFERROR(__xludf.DUMMYFUNCTION("""COMPUTED_VALUE"""),"403250010") -> 403250010 | AC38: =IFERROR(__xludf.DUMMYFUNCTION("""COMPUTED_VALUE"""),"ce83e171") -> ce83e171 | AD38: =IFERROR(__xludf.DUMMYFUNCTION("""COMPUTED_VALUE"""),"Bpk. Sulaiman") -> Bpk. Sulaiman | AF38: =IFERROR(__xludf.DUMMYFUNCTION("""COMPUTED_VALUE"""),FALSE) -> FALSE | AG38: =IFERROR(__xludf.DUMMYFUNCTION("""COMPUTED_VALUE"""),"Jl. Raya Kramat Temenggung No.43, Kramat, Kramat Temenggung, Kec. Tarik, Kabupaten Sidoarjo, Jawa Timur 61265") -> Jl. Raya Kramat Temenggung No.43, Kramat, Kramat Temenggung, Kec. Tarik, Kabupaten Sidoarjo, Jawa Timur 61265 | AH38: =IFERROR(__xludf.DUMMYFUNCTION("""COMPUTED_VALUE"""),30.0) -> 30 | AL38: =IFERROR(__xludf.DUMMYFUNCTION("""COMPUTED_VALUE"""),"2260277") -> 2260277 | AM38: =IFERROR(__xludf.DUMMYFUNCTION("""COMPUTED_VALUE"""),"122561941") -> 122561941 | AN38: =IFERROR(__xludf.DUMMYFUNCTION("""COMPUTED_VALUE"""),"9e66ced9") -> 9e66ced9 | AO38: =IFERROR(__xludf.DUMMYFUNCTION("""COMPUTED_VALUE"""),"Bapak Angga") -> Bapak Angga | AP38: =IFERROR(__xludf.DUMMYFUNCTION("""COMPUTED_VALUE"""),46095.591736111106) -> 46095.592 | AQ38: =IFERROR(__xludf.DUMMYFUNCTION("""COMPUTED_VALUE"""),46001.0) -> 46001 | AS38: =IFERROR(__xludf.DUMMYFUNCTION("""COMPUTED_VALUE"""),"ce83e171") -> ce83e171 | AT38: =IFERROR(__xludf.DUMMYFUNCTION("""COMPUTED_VALUE"""),"Bpk. Sulaiman") -> Bpk. Sulaiman | AV38: =IFERROR(__xludf.DUMMYFUNCTION("""COMPUTED_VALUE"""),FALSE) -> FALSE | AW38: =IFERROR(__xludf.DUMMYFUNCTION("""COMPUTED_VALUE"""),"Jl. Raya Kramat Temenggung No.43, Kramat, Kramat Temenggung, Kec. Tarik, Kabupaten Sidoarjo, Jawa Timur 61265") -> Jl. Raya Kramat Temenggung No.43, Kramat, Kramat Temenggung, Kec. Tarik, Kabupaten Sidoarjo, Jawa Timur 61265 | AX38: =IFERROR(__xludf.DUMMYFUNCTION("""COMPUTED_VALUE"""),30.0) -> 30
A39: =IFERROR(__xludf.DUMMYFUNCTION("""COMPUTED_VALUE"""),"09240019") -> 09240019 | B39: =IFERROR(__xludf.DUMMYFUNCTION("""COMPUTED_VALUE"""),"09240019") -> 09240019 | C39: =IFERROR(__xludf.DUMMYFUNCTION("""COMPUTED_VALUE"""),45554.503796296296) -> 45554.504 | D39: =IFERROR(__xludf.DUMMYFUNCTION("""COMPUTED_VALUE"""),"f8335a53") -> f8335a53 | E39: =IFERROR(__xludf.DUMMYFUNCTION("""COMPUTED_VALUE"""),"CV RAGAM JAYA ENGINEERING") -> CV RAGAM JAYA ENGINEERING | F39: =IFERROR(__xludf.DUMMYFUNCTION("""COMPUTED_VALUE"""),"8bdbe149") -> 8bdbe149 | G39: =IFERROR(__xludf.DUMMYFUNCTION("""COMPUTED_VALUE"""),"Oksigen 6m3") -> Oksigen 6m3 | H39: =IFERROR(__xludf.DUMMYFUNCTION("""COMPUTED_VALUE"""),"OUT") -> OUT | I39: =IFERROR(__xludf.DUMMYFUNCTION("""COMPUTED_VALUE"""),"NORMAL") -> NORMAL | J39: =IFERROR(__xludf.DUMMYFUNCTION("""COMPUTED_VALUE"""),5.0) -> 5 | K39: =IFERROR(__xludf.DUMMYFUNCTION("""COMPUTED_VALUE"""),"1105 1135 1119 1104 1131") -> 1105 1135 1119 1104 1131 | L39: =IFERROR(__xludf.DUMMYFUNCTION("""COMPUTED_VALUE"""),60000.0) -> 60000 | Q39: =IFERROR(__xludf.DUMMYFUNCTION("""COMPUTED_VALUE"""),"09240024") -> 09240024 | R39: =IFERROR(__xludf.DUMMYFUNCTION("""COMPUTED_VALUE"""),"09240024") -> 09240024 | S39: =IFERROR(__xludf.DUMMYFUNCTION("""COMPUTED_VALUE"""),"f01dab70") -> f01dab70 | T39: =IFERROR(__xludf.DUMMYFUNCTION("""COMPUTED_VALUE"""),"Bpk. Yudi") -> Bpk. Yudi | U39: =IFERROR(__xludf.DUMMYFUNCTION("""COMPUTED_VALUE"""),45561.35150462963) -> 45561.351 | V39: =IFERROR(__xludf.DUMMYFUNCTION("""COMPUTED_VALUE"""),"Bandilan, Simogirang, Kec. Prambon, Kabupaten Sidoarjo, Jawa Timur 61264") -> Bandilan, Simogirang, Kec. Prambon, Kabupaten Sidoarjo, Jawa Timur 61264 | W39: =IFERROR(__xludf.DUMMYFUNCTION("""COMPUTED_VALUE"""),"OUT") -> OUT | Z39: =IFERROR(__xludf.DUMMYFUNCTION("""COMPUTED_VALUE"""),"0426143023") -> 0426143023 | AA39: =IFERROR(__xludf.DUMMYFUNCTION("""COMPUTED_VALUE"""),"403250011") -> 403250011 | AC39: =IFERROR(__xludf.DUMMYFUNCTION("""COMPUTED_VALUE"""),"ed2cc96a") -> ed2cc96a | AD39: =IFERROR(__xludf.DUMMYFUNCTION("""COMPUTED_VALUE"""),"Bengkel Dian Jaya") -> Bengkel Dian Jaya | AF39: =IFERROR(__xludf.DUMMYFUNCTION("""COMPUTED_VALUE"""),FALSE) -> FALSE | AG39: =IFERROR(__xludf.DUMMYFUNCTION("""COMPUTED_VALUE"""),"Gg. 2, Kejagan, Kec. Trowulan, Kabupaten Mojokerto, Jawa Timur 61362") -> Gg. 2, Kejagan, Kec. Trowulan, Kabupaten Mojokerto, Jawa Timur 61362 | AH39: =IFERROR(__xludf.DUMMYFUNCTION("""COMPUTED_VALUE"""),7.0) -> 7 | AL39: =IFERROR(__xludf.DUMMYFUNCTION("""COMPUTED_VALUE"""),"2260277") -> 2260277 | AM39: =IFERROR(__xludf.DUMMYFUNCTION("""COMPUTED_VALUE"""),"032672728") -> 032672728 | AN39: =IFERROR(__xludf.DUMMYFUNCTION("""COMPUTED_VALUE"""),"9e66ced9") -> 9e66ced9 | AO39: =IFERROR(__xludf.DUMMYFUNCTION("""COMPUTED_VALUE"""),"Bapak Angga") -> Bapak Angga | AP39: =IFERROR(__xludf.DUMMYFUNCTION("""COMPUTED_VALUE"""),46095.591736111106) -> 46095.592 | AQ39: =IFERROR(__xludf.DUMMYFUNCTION("""COMPUTED_VALUE"""),46084.0) -> 46084 | AS39: =IFERROR(__xludf.DUMMYFUNCTION("""COMPUTED_VALUE"""),"ed2cc96a") -> ed2cc96a | AT39: =IFERROR(__xludf.DUMMYFUNCTION("""COMPUTED_VALUE"""),"Bengkel Dian Jaya") -> Bengkel Dian Jaya | AV39: =IFERROR(__xludf.DUMMYFUNCTION("""COMPUTED_VALUE"""),FALSE) -> FALSE | AW39: =IFERROR(__xludf.DUMMYFUNCTION("""COMPUTED_VALUE"""),"Gg. 2, Kejagan, Kec. Trowulan, Kabupaten Mojokerto, Jawa Timur 61362") -> Gg. 2, Kejagan, Kec. Trowulan, Kabupaten Mojokerto, Jawa Timur 61362 | AX39: =IFERROR(__xludf.DUMMYFUNCTION("""COMPUTED_VALUE"""),7.0) -> 7
A40: =IFERROR(__xludf.DUMMYFUNCTION("""COMPUTED_VALUE"""),"09240021") -> 09240021 | B40: =IFERROR(__xludf.DUMMYFUNCTION("""COMPUTED_VALUE"""),"09240021") -> 09240021 | C40: =IFERROR(__xludf.DUMMYFUNCTION("""COMPUTED_VALUE"""),45554.526192129626) -> 45554.526 | D40: =IFERROR(__xludf.DUMMYFUNCTION("""COMPUTED_VALUE"""),"e86baf3b") -> e86baf3b | E40: =IFERROR(__xludf.DUMMYFUNCTION("""COMPUTED_VALUE"""),"PT GEMILANG CIPTA WAWASAN") -> PT GEMILANG CIPTA WAWASAN | F40: =IFERROR(__xludf.DUMMYFUNCTION("""COMPUTED_VALUE"""),"8bdbe149") -> 8bdbe149 | G40: =IFERROR(__xludf.DUMMYFUNCTION("""COMPUTED_VALUE"""),"Oksigen 6m3") -> Oksigen 6m3 | H40: =IFERROR(__xludf.DUMMYFUNCTION("""COMPUTED_VALUE"""),"OUT") -> OUT | I40: =IFERROR(__xludf.DUMMYFUNCTION("""COMPUTED_VALUE"""),"NORMAL") -> NORMAL | J40: =IFERROR(__xludf.DUMMYFUNCTION("""COMPUTED_VALUE"""),5.0) -> 5 | K40: =IFERROR(__xludf.DUMMYFUNCTION("""COMPUTED_VALUE"""),"1178 1168 1177 1179 1176") -> 1178 1168 1177 1179 1176 | L40: =IFERROR(__xludf.DUMMYFUNCTION("""COMPUTED_VALUE"""),60000.0) -> 60000 | Q40: =IFERROR(__xludf.DUMMYFUNCTION("""COMPUTED_VALUE"""),"09240025") -> 09240025 | R40: =IFERROR(__xludf.DUMMYFUNCTION("""COMPUTED_VALUE"""),"09240025") -> 09240025 | S40: =IFERROR(__xludf.DUMMYFUNCTION("""COMPUTED_VALUE"""),"2d88931c") -> 2d88931c | T40: =IFERROR(__xludf.DUMMYFUNCTION("""COMPUTED_VALUE"""),"PT Dunia Berkat Marga Mulya") -> PT Dunia Berkat Marga Mulya | U40: =IFERROR(__xludf.DUMMYFUNCTION("""COMPUTED_VALUE"""),45561.44055555556) -> 45561.441 | V40: =IFERROR(__xludf.DUMMYFUNCTION("""COMPUTED_VALUE"""),"JL JABARAN, WATESARI, BALONGBENDO, SIDOARJO, JAWA TIMUR") -> JL JABARAN, WATESARI, BALONGBENDO, SIDOARJO, JAWA TIMUR | W40: =IFERROR(__xludf.DUMMYFUNCTION("""COMPUTED_VALUE"""),"OUT") -> OUT | Z40: =IFERROR(__xludf.DUMMYFUNCTION("""COMPUTED_VALUE"""),"0426133022") -> 0426133022 | AA40: =IFERROR(__xludf.DUMMYFUNCTION("""COMPUTED_VALUE"""),"402250009") -> 402250009 | AC40: =IFERROR(__xludf.DUMMYFUNCTION("""COMPUTED_VALUE"""),"ac52e1fa") -> ac52e1fa | AD40: =IFERROR(__xludf.DUMMYFUNCTION("""COMPUTED_VALUE"""),"Abah Mad") -> Abah Mad | AF40: =IFERROR(__xludf.DUMMYFUNCTION("""COMPUTED_VALUE"""),FALSE) -> FALSE | AG40: =IFERROR(__xludf.DUMMYFUNCTION("""COMPUTED_VALUE"""),"Jl. Raya Surabaya Madiun, Sidotemo, Sidomulyo, Kec. Krian, Kabupaten Sidoarjo, Jawa Timur 61262") -> Jl. Raya Surabaya Madiun, Sidotemo, Sidomulyo, Kec. Krian, Kabupaten Sidoarjo, Jawa Timur 61262 | AH40: =IFERROR(__xludf.DUMMYFUNCTION("""COMPUTED_VALUE"""),14.0) -> 14 | AL40: =IFERROR(__xludf.DUMMYFUNCTION("""COMPUTED_VALUE"""),"2260277") -> 2260277 | AM40: =IFERROR(__xludf.DUMMYFUNCTION("""COMPUTED_VALUE"""),"032682735") -> 032682735 | AN40: =IFERROR(__xludf.DUMMYFUNCTION("""COMPUTED_VALUE"""),"9e66ced9") -> 9e66ced9 | AO40: =IFERROR(__xludf.DUMMYFUNCTION("""COMPUTED_VALUE"""),"Bapak Angga") -> Bapak Angga | AP40: =IFERROR(__xludf.DUMMYFUNCTION("""COMPUTED_VALUE"""),46095.591736111106) -> 46095.592 | AQ40: =IFERROR(__xludf.DUMMYFUNCTION("""COMPUTED_VALUE"""),46085.0) -> 46085 | AS40: =IFERROR(__xludf.DUMMYFUNCTION("""COMPUTED_VALUE"""),"ac52e1fa") -> ac52e1fa | AT40: =IFERROR(__xludf.DUMMYFUNCTION("""COMPUTED_VALUE"""),"Abah Mad") -> Abah Mad | AV40: =IFERROR(__xludf.DUMMYFUNCTION("""COMPUTED_VALUE"""),FALSE) -> FALSE | AW40: =IFERROR(__xludf.DUMMYFUNCTION("""COMPUTED_VALUE"""),"Jl. Raya Surabaya Madiun, Sidotemo, Sidomulyo, Kec. Krian, Kabupaten Sidoarjo, Jawa Timur 61262") -> Jl. Raya Surabaya Madiun, Sidotemo, Sidomulyo, Kec. Krian, Kabupaten Sidoarjo, Jawa Timur 61262 | AX40: =IFERROR(__xludf.DUMMYFUNCTION("""COMPUTED_VALUE"""),14.0) -> 14
